Workbook
Name Ишчи_ҳолатида: 'жами банкоматлар 2025'!#REF!
Name Ишчи_ҳолатида: #REF!

Sheet жами банкоматлар 2025
T1: 45703 | V1: 45716 | X1: 45777 | Z1: 45792 | AB1: 45823 | AD1: 45838 | AF1: 45853 | AH1: 45869 | AJ1: 45886 | AL1: 45930
A2: № | B2: № | C2: МФО | D2: МФО | E2: Худуд | F2: Филиал | G2: Модели | I2: Тўлов тизими тури | J2: Серия рақами | K2: Сотиб олинган сана | L2: M.B | M2: Инвентар id рақами | N2: Merchant id | O2: Term id | P2: МФО | Q2: Манзили | R2: Геолокация (alt) | S2: Геолокация (long) | T2: покупка | U2: продажа | V2: покупка | W2: продажа | X2: покупка | Y2: продажа | Z2: покупка | AA2: продажа | AB2: покупка | AC2: продажа | AD2: покупка | AE2: продажа | AF2: покупка | AG2: продажа | AH2: покупка | AI2: продажа | AJ2: покупка | AK2: продажа | AL2: покупка | AM2: продажа
A3: 1 | B3: 1 | C3: 00051 | D3: 11087 | E3: Андижон вилояти | F3: Хонобод БХМ | G3: NCR 6623 | H3: CashOut | I3: UzCard | J3: 57208979 | K3: 2019 йил август ойи | M3: 0051-01 | N3: 900333415 | O3: 34884 | P3: 00051 | Q3: Андижон вилояти, Хонобод шахар, Истиқлол МФЙ Фароғат кўчаси 2-уй | R3: 40.803249 | S3: 72.987511

Sheet Раисга
A1: № | B1: Худуд номи | C1: Жами | D1: Банкоматлар сони, шундан: | L1: Инфокиосклар сони, шундан:
D2: UZCARD | H2: HUMO | J2: Way4
D3: Нақд пул бериш | E3: Нақд пул бериш/қабул қилиш (ВАШ) | F3: Узкард карталари орқали коммунал ва бир марталик тўловларни амалга ошириш мумкин | G3: Узкарт карталари орқали АҚШ валютасини сотиш | H3: Нақд пул бериш | I3: Нақд пул бериш/қабул қилиш | J3: Нақд пул бериш | K3: Нақд пул бериш/қабул қилиш
A4: 1 | B4: Қорақалпоғистон Республикаси | C4: =D4+E4+H4+I4+J4+K4 -> 0 | D4: =COUNTIFS('жами банкоматлар 2025'!$E:$E,$B4,'жами банкоматлар 2025'!$I:$I,"UzCard",'жами банкоматлар 2025'!$G:$G,"NCR 6623")+COUNTIFS('жами банкоматлар 2025'!$E:$E,$B4,'жами банкоматлар 2025'!$I:$I,"UzCard",'жами банкоматлар 2025'!$G:$G,"NCR 6622") -> 0 | E4: =COUNTIFS('жами банкоматлар 2025'!$E:$E,$B4,'жами банкоматлар 2025'!$I:$I,"UzCard",'жами банкоматлар 2025'!$G:$G,"CINEO C2070")+COUNTIFS('жами банкоматлар 2025'!$E:$E,$B4,'жами банкоматлар 2025'!$I:$I,"UzCard",'жами банкоматлар 2025'!$G:$G,"CINEO C4560") -> 0 | F4: 7 | G4: 0 | H4: =COUNTIFS('жами банкоматлар 2025'!$E:$E,$B4,'жами банкоматлар 2025'!$I:$I,"Humo",'жами банкоматлар 2025'!$G:$G,"NCR 6623")+COUNTIFS('жами банкоматлар 2025'!$E:$E,$B4,'жами банкоматлар 2025'!$I:$I,"Humo",'жами банкоматлар 2025'!$G:$G,"CINEO C2040") -> 0 | I4: =COUNTIFS('жами банкоматлар 2025'!$E:$E,$B4,'жами банкоматлар 2025'!$I:$I,"Humo",'жами банкоматлар 2025'!$G:$G,"NCR 6682")+COUNTIFS('жами банкоматлар 2025'!$E:$E,$B4,'жами банкоматлар 2025'!$I:$I,"Humo",'жами банкоматлар 2025'!$G:$G,"CINEO C2070")+COUNTIFS('жами банкоматлар 2025'!$E:$E,$B4,'жами банкоматлар 2025'!$I:$I,"Humo",'жами банкоматлар 2025'!$G:$G,"GRG P5800") -> 0 | J4: =COUNTIFS('жами банкоматлар 2025'!$E:$E,$B4,'жами банкоматлар 2025'!$I:$I,"WAY4",'жами банкоматлар 2025'!$G:$G,"NCR 6623") -> 0 | K4: =COUNTIFS('жами банкоматлар 2025'!$E:$E,$B4,'жами банкоматлар 2025'!$I:$I,"WAY4",'жами банкоматлар 2025'!$G:$G,"NCR 6682")+COUNTIFS('жами банкоматлар 2025'!$E:$E,$B4,'жами банкоматлар 2025'!$I:$I,"WAY4",'жами банкоматлар 2025'!$G:$G,"CINEO C2070")+COUNTIFS('жами банкоматлар 2025'!$E:$E,$B4,'жами банкоматлар 2025'!$I:$I,"WAY4",'жами банкоматлар 2025'!$G:$G,"GRG P5800") -> 0 | L4: =COUNTIFS(Инфокиоски!$E:$E,$B4,Инфокиоски!$D:$D,"Touchplat")+COUNTIFS(Инфокиоски!$E:$E,$B4,Инфокиоски!$D:$D,"Optimal") -> 12
A5: 2 | B5: Андижон вилояти | C5: =D5+E5+H5+I5+J5+K5 -> 1 | D5: =COUNTIFS('жами банкоматлар 2025'!$E:$E,$B5,'жами банкоматлар 2025'!$I:$I,"UzCard",'жами банкоматлар 2025'!$G:$G,"NCR 6623")+COUNTIFS('жами банкоматлар 2025'!$E:$E,$B5,'жами банкоматлар 2025'!$I:$I,"UzCard",'жами банкоматлар 2025'!$G:$G,"NCR 6622") -> 1 | E5: =COUNTIFS('жами банкоматлар 2025'!$E:$E,$B5,'жами банкоматлар 2025'!$I:$I,"UzCard",'жами банкоматлар 2025'!$G:$G,"CINEO C2070")+COUNTIFS('жами банкоматлар 2025'!$E:$E,$B5,'жами банкоматлар 2025'!$I:$I,"UzCard",'жами банкоматлар 2025'!$G:$G,"CINEO C4560") -> 0 | F5: 10 | G5: 0 | H5: =COUNTIFS('жами банкоматлар 2025'!$E:$E,$B5,'жами банкоматлар 2025'!$I:$I,"Humo",'жами банкоматлар 2025'!$G:$G,"NCR 6623")+COUNTIFS('жами банкоматлар 2025'!$E:$E,$B5,'жами банкоматлар 2025'!$I:$I,"Humo",'жами банкоматлар 2025'!$G:$G,"CINEO C2040") -> 0 | I5: =COUNTIFS('жами банкоматлар 2025'!$E:$E,$B5,'жами банкоматлар 2025'!$I:$I,"Humo",'жами банкоматлар 2025'!$G:$G,"NCR 6682")+COUNTIFS('жами банкоматлар 2025'!$E:$E,$B5,'жами банкоматлар 2025'!$I:$I,"Humo",'жами банкоматлар 2025'!$G:$G,"CINEO C2070")+COUNTIFS('жами банкоматлар 2025'!$E:$E,$B5,'жами банкоматлар 2025'!$I:$I,"Humo",'жами банкоматлар 2025'!$G:$G,"GRG P5800") -> 0 | J5: =COUNTIFS('жами банкоматлар 2025'!$E:$E,$B5,'жами банкоматлар 2025'!$I:$I,"WAY4",'жами банкоматлар 2025'!$G:$G,"NCR 6623") -> 0 | K5: =COUNTIFS('жами банкоматлар 2025'!$E:$E,$B5,'жами банкоматлар 2025'!$I:$I,"WAY4",'жами банкоматлар 2025'!$G:$G,"NCR 6682")+COUNTIFS('жами банкоматлар 2025'!$E:$E,$B5,'жами банкоматлар 2025'!$I:$I,"WAY4",'жами банкоматлар 2025'!$G:$G,"CINEO C2070")+COUNTIFS('жами банкоматлар 2025'!$E:$E,$B5,'жами банкоматлар 2025'!$I:$I,"WAY4",'жами банкоматлар 2025'!$G:$G,"GRG P5800") -> 0 | L5: =COUNTIFS(Инфокиоски!$E:$E,$B5,Инфокиоски!$D:$D,"Touchplat")+COUNTIFS(Инфокиоски!$E:$E,$B5,Инфокиоски!$D:$D,"Optimal") -> 10
A6: 3 | B6: Бухоро вилояти | C6: =D6+E6+H6+I6+J6+K6 -> 0 | D6: =COUNTIFS('жами банкоматлар 2025'!$E:$E,$B6,'жами банкоматлар 2025'!$I:$I,"UzCard",'жами банкоматлар 2025'!$G:$G,"NCR 6623")+COUNTIFS('жами банкоматлар 2025'!$E:$E,$B6,'жами банкоматлар 2025'!$I:$I,"UzCard",'жами банкоматлар 2025'!$G:$G,"NCR 6622") -> 0 | E6: =COUNTIFS('жами банкоматлар 2025'!$E:$E,$B6,'жами банкоматлар 2025'!$I:$I,"UzCard",'жами банкоматлар 2025'!$G:$G,"CINEO C2070")+COUNTIFS('жами банкоматлар 2025'!$E:$E,$B6,'жами банкоматлар 2025'!$I:$I,"UzCard",'жами банкоматлар 2025'!$G:$G,"CINEO C4560") -> 0 | F6: 10 | G6: 0 | H6: =COUNTIFS('жами банкоматлар 2025'!$E:$E,$B6,'жами банкоматлар 2025'!$I:$I,"Humo",'жами банкоматлар 2025'!$G:$G,"NCR 6623")+COUNTIFS('жами банкоматлар 2025'!$E:$E,$B6,'жами банкоматлар 2025'!$I:$I,"Humo",'жами банкоматлар 2025'!$G:$G,"CINEO C2040") -> 0 | I6: =COUNTIFS('жами банкоматлар 2025'!$E:$E,$B6,'жами банкоматлар 2025'!$I:$I,"Humo",'жами банкоматлар 2025'!$G:$G,"NCR 6682")+COUNTIFS('жами банкоматлар 2025'!$E:$E,$B6,'жами банкоматлар 2025'!$I:$I,"Humo",'жами банкоматлар 2025'!$G:$G,"CINEO C2070")+COUNTIFS('жами банкоматлар 2025'!$E:$E,$B6,'жами банкоматлар 2025'!$I:$I,"Humo",'жами банкоматлар 2025'!$G:$G,"GRG P5800") -> 0 | J6: =COUNTIFS('жами банкоматлар 2025'!$E:$E,$B6,'жами банкоматлар 2025'!$I:$I,"WAY4",'жами банкоматлар 2025'!$G:$G,"NCR 6623") -> 0 | K6: =COUNTIFS('жами банкоматлар 2025'!$E:$E,$B6,'жами банкоматлар 2025'!$I:$I,"WAY4",'жами банкоматлар 2025'!$G:$G,"NCR 6682")+COUNTIFS('жами банкоматлар 2025'!$E:$E,$B6,'жами банкоматлар 2025'!$I:$I,"WAY4",'жами банкоматлар 2025'!$G:$G,"CINEO C2070")+COUNTIFS('жами банкоматлар 2025'!$E:$E,$B6,'жами банкоматлар 2025'!$I:$I,"WAY4",'жами банкоматлар 2025'!$G:$G,"GRG P5800") -> 0 | L6: =COUNTIFS(Инфокиоски!$E:$E,$B6,Инфокиоски!$D:$D,"Touchplat")+COUNTIFS(Инфокиоски!$E:$E,$B6,Инфокиоски!$D:$D,"Optimal") -> 6
A7: 4 | B7: Жиззах вилояти | C7: =D7+E7+H7+I7+J7+K7 -> 0 | D7: =COUNTIFS('жами банкоматлар 2025'!$E:$E,$B7,'жами банкоматлар 2025'!$I:$I,"UzCard",'жами банкоматлар 2025'!$G:$G,"NCR 6623")+COUNTIFS('жами банкоматлар 2025'!$E:$E,$B7,'жами банкоматлар 2025'!$I:$I,"UzCard",'жами банкоматлар 2025'!$G:$G,"NCR 6622") -> 0 | E7: =COUNTIFS('жами банкоматлар 2025'!$E:$E,$B7,'жами банкоматлар 2025'!$I:$I,"UzCard",'жами банкоматлар 2025'!$G:$G,"CINEO C2070")+COUNTIFS('жами банкоматлар 2025'!$E:$E,$B7,'жами банкоматлар 2025'!$I:$I,"UzCard",'жами банкоматлар 2025'!$G:$G,"CINEO C4560") -> 0 | F7: 5 | G7: 0 | H7: =COUNTIFS('жами банкоматлар 2025'!$E:$E,$B7,'жами банкоматлар 2025'!$I:$I,"Humo",'жами банкоматлар 2025'!$G:$G,"NCR 6623")+COUNTIFS('жами банкоматлар 2025'!$E:$E,$B7,'жами банкоматлар 2025'!$I:$I,"Humo",'жами банкоматлар 2025'!$G:$G,"CINEO C2040") -> 0 | I7: =COUNTIFS('жами банкоматлар 2025'!$E:$E,$B7,'жами банкоматлар 2025'!$I:$I,"Humo",'жами банкоматлар 2025'!$G:$G,"NCR 6682")+COUNTIFS('жами банкоматлар 2025'!$E:$E,$B7,'жами банкоматлар 2025'!$I:$I,"Humo",'жами банкоматлар 2025'!$G:$G,"CINEO C2070")+COUNTIFS('жами банкоматлар 2025'!$E:$E,$B7,'жами банкоматлар 2025'!$I:$I,"Humo",'жами банкоматлар 2025'!$G:$G,"GRG P5800") -> 0 | J7: =COUNTIFS('жами банкоматлар 2025'!$E:$E,$B7,'жами банкоматлар 2025'!$I:$I,"WAY4",'жами банкоматлар 2025'!$G:$G,"NCR 6623") -> 0 | K7: =COUNTIFS('жами банкоматлар 2025'!$E:$E,$B7,'жами банкоматлар 2025'!$I:$I,"WAY4",'жами банкоматлар 2025'!$G:$G,"NCR 6682")+COUNTIFS('жами банкоматлар 2025'!$E:$E,$B7,'жами банкоматлар 2025'!$I:$I,"WAY4",'жами банкоматлар 2025'!$G:$G,"CINEO C2070")+COUNTIFS('жами банкоматлар 2025'!$E:$E,$B7,'жами банкоматлар 2025'!$I:$I,"WAY4",'жами банкоматлар 2025'!$G:$G,"GRG P5800") -> 0 | L7: =COUNTIFS(Инфокиоски!$E:$E,$B7,Инфокиоски!$D:$D,"Touchplat")+COUNTIFS(Инфокиоски!$E:$E,$B7,Инфокиоски!$D:$D,"Optimal") -> 2
A8: 5 | B8: Қашқадарё вилояти | C8: =D8+E8+H8+I8+J8+K8 -> 0 | D8: =COUNTIFS('жами банкоматлар 2025'!$E:$E,$B8,'жами банкоматлар 2025'!$I:$I,"UzCard",'жами банкоматлар 2025'!$G:$G,"NCR 6623")+COUNTIFS('жами банкоматлар 2025'!$E:$E,$B8,'жами банкоматлар 2025'!$I:$I,"UzCard",'жами банкоматлар 2025'!$G:$G,"NCR 6622") -> 0 | E8: =COUNTIFS('жами банкоматлар 2025'!$E:$E,$B8,'жами банкоматлар 2025'!$I:$I,"UzCard",'жами банкоматлар 2025'!$G:$G,"CINEO C2070")+COUNTIFS('жами банкоматлар 2025'!$E:$E,$B8,'жами банкоматлар 2025'!$I:$I,"UzCard",'жами банкоматлар 2025'!$G:$G,"CINEO C4560") -> 0 | F8: 8 | G8: 0 | H8: =COUNTIFS('жами банкоматлар 2025'!$E:$E,$B8,'жами банкоматлар 2025'!$I:$I,"Humo",'жами банкоматлар 2025'!$G:$G,"NCR 6623")+COUNTIFS('жами банкоматлар 2025'!$E:$E,$B8,'жами банкоматлар 2025'!$I:$I,"Humo",'жами банкоматлар 2025'!$G:$G,"CINEO C2040") -> 0 | I8: =COUNTIFS('жами банкоматлар 2025'!$E:$E,$B8,'жами банкоматлар 2025'!$I:$I,"Humo",'жами банкоматлар 2025'!$G:$G,"NCR 6682")+COUNTIFS('жами банкоматлар 2025'!$E:$E,$B8,'жами банкоматлар 2025'!$I:$I,"Humo",'жами банкоматлар 2025'!$G:$G,"CINEO C2070")+COUNTIFS('жами банкоматлар 2025'!$E:$E,$B8,'жами банкоматлар 2025'!$I:$I,"Humo",'жами банкоматлар 2025'!$G:$G,"GRG P5800") -> 0 | J8: =COUNTIFS('жами банкоматлар 2025'!$E:$E,$B8,'жами банкоматлар 2025'!$I:$I,"WAY4",'жами банкоматлар 2025'!$G:$G,"NCR 6623") -> 0 | K8: =COUNTIFS('жами банкоматлар 2025'!$E:$E,$B8,'жами банкоматлар 2025'!$I:$I,"WAY4",'жами банкоматлар 2025'!$G:$G,"NCR 6682")+COUNTIFS('жами банкоматлар 2025'!$E:$E,$B8,'жами банкоматлар 2025'!$I:$I,"WAY4",'жами банкоматлар 2025'!$G:$G,"CINEO C2070")+COUNTIFS('жами банкоматлар 2025'!$E:$E,$B8,'жами банкоматлар 2025'!$I:$I,"WAY4",'жами банкоматлар 2025'!$G:$G,"GRG P5800") -> 0 | L8: =COUNTIFS(Инфокиоски!$E:$E,$B8,Инфокиоски!$D:$D,"Touchplat")+COUNTIFS(Инфокиоски!$E:$E,$B8,Инфокиоски!$D:$D,"Optimal") -> 12
A9: 6 | B9: Навоий вилояти | C9: =D9+E9+H9+I9+J9+K9 -> 0 | D9: =COUNTIFS('жами банкоматлар 2025'!$E:$E,$B9,'жами банкоматлар 2025'!$I:$I,"UzCard",'жами банкоматлар 2025'!$G:$G,"NCR 6623")+COUNTIFS('жами банкоматлар 2025'!$E:$E,$B9,'жами банкоматлар 2025'!$I:$I,"UzCard",'жами банкоматлар 2025'!$G:$G,"NCR 6622") -> 0 | E9: =COUNTIFS('жами банкоматлар 2025'!$E:$E,$B9,'жами банкоматлар 2025'!$I:$I,"UzCard",'жами банкоматлар 2025'!$G:$G,"CINEO C2070")+COUNTIFS('жами банкоматлар 2025'!$E:$E,$B9,'жами банкоматлар 2025'!$I:$I,"UzCard",'жами банкоматлар 2025'!$G:$G,"NCR 6682") -> 0 | F9: 7 | G9: 0 | H9: =COUNTIFS('жами банкоматлар 2025'!$E:$E,$B9,'жами банкоматлар 2025'!$I:$I,"Humo",'жами банкоматлар 2025'!$G:$G,"NCR 6623")+COUNTIFS('жами банкоматлар 2025'!$E:$E,$B9,'жами банкоматлар 2025'!$I:$I,"Humo",'жами банкоматлар 2025'!$G:$G,"CINEO C2040") -> 0 | I9: =COUNTIFS('жами банкоматлар 2025'!$E:$E,$B9,'жами банкоматлар 2025'!$I:$I,"Humo",'жами банкоматлар 2025'!$G:$G,"NCR 6682")+COUNTIFS('жами банкоматлар 2025'!$E:$E,$B9,'жами банкоматлар 2025'!$I:$I,"Humo",'жами банкоматлар 2025'!$G:$G,"CINEO C2070")+COUNTIFS('жами банкоматлар 2025'!$E:$E,$B9,'жами банкоматлар 2025'!$I:$I,"Humo",'жами банкоматлар 2025'!$G:$G,"GRG P5800") -> 0 | J9: =COUNTIFS('жами банкоматлар 2025'!$E:$E,$B9,'жами банкоматлар 2025'!$I:$I,"WAY4",'жами банкоматлар 2025'!$G:$G,"NCR 6623") -> 0 | K9: =COUNTIFS('жами банкоматлар 2025'!$E:$E,$B9,'жами банкоматлар 2025'!$I:$I,"WAY4",'жами банкоматлар 2025'!$G:$G,"NCR 6682")+COUNTIFS('жами банкоматлар 2025'!$E:$E,$B9,'жами банкоматлар 2025'!$I:$I,"WAY4",'жами банкоматлар 2025'!$G:$G,"CINEO C2070")+COUNTIFS('жами банкоматлар 2025'!$E:$E,$B9,'жами банкоматлар 2025'!$I:$I,"WAY4",'жами банкоматлар 2025'!$G:$G,"GRG P5800") -> 0 | L9: =COUNTIFS(Инфокиоски!$E:$E,$B9,Инфокиоски!$D:$D,"Touchplat")+COUNTIFS(Инфокиоски!$E:$E,$B9,Инфокиоски!$D:$D,"Optimal") -> 4
A10: 7 | B10: Наманган вилояти | C10: =D10+E10+H10+I10+J10+K10 -> 0 | D10: =COUNTIFS('жами банкоматлар 2025'!$E:$E,$B10,'жами банкоматлар 2025'!$I:$I,"UzCard",'жами банкоматлар 2025'!$G:$G,"NCR 6623")+COUNTIFS('жами банкоматлар 2025'!$E:$E,$B10,'жами банкоматлар 2025'!$I:$I,"UzCard",'жами банкоматлар 2025'!$G:$G,"NCR 6622") -> 0 | E10: =COUNTIFS('жами банкоматлар 2025'!$E:$E,$B10,'жами банкоматлар 2025'!$I:$I,"UzCard",'жами банкоматлар 2025'!$G:$G,"CINEO C2070")+COUNTIFS('жами банкоматлар 2025'!$E:$E,$B10,'жами банкоматлар 2025'!$I:$I,"UzCard",'жами банкоматлар 2025'!$G:$G,"CINEO C4560") -> 0 | F10: 5 | G10: 0 | H10: =COUNTIFS('жами банкоматлар 2025'!$E:$E,$B10,'жами банкоматлар 2025'!$I:$I,"Humo",'жами банкоматлар 2025'!$G:$G,"NCR 6623")+COUNTIFS('жами банкоматлар 2025'!$E:$E,$B10,'жами банкоматлар 2025'!$I:$I,"Humo",'жами банкоматлар 2025'!$G:$G,"CINEO C2040") -> 0 | I10: =COUNTIFS('жами банкоматлар 2025'!$E:$E,$B10,'жами банкоматлар 2025'!$I:$I,"Humo",'жами банкоматлар 2025'!$G:$G,"NCR 6682")+COUNTIFS('жами банкоматлар 2025'!$E:$E,$B10,'жами банкоматлар 2025'!$I:$I,"Humo",'жами банкоматлар 2025'!$G:$G,"CINEO C2070")+COUNTIFS('жами банкоматлар 2025'!$E:$E,$B10,'жами банкоматлар 2025'!$I:$I,"Humo",'жами банкоматлар 2025'!$G:$G,"GRG P5800") -> 0 | J10: =COUNTIFS('жами банкоматлар 2025'!$E:$E,$B10,'жами банкоматлар 2025'!$I:$I,"WAY4",'жами банкоматлар 2025'!$G:$G,"NCR 6623") -> 0 | K10: =COUNTIFS('жами банкоматлар 2025'!$E:$E,$B10,'жами банкоматлар 2025'!$I:$I,"WAY4",'жами банкоматлар 2025'!$G:$G,"NCR 6682")+COUNTIFS('жами банкоматлар 2025'!$E:$E,$B10,'жами банкоматлар 2025'!$I:$I,"WAY4",'жами банкоматлар 2025'!$G:$G,"CINEO C2070")+COUNTIFS('жами банкоматлар 2025'!$E:$E,$B10,'жами банкоматлар 2025'!$I:$I,"WAY4",'жами банкоматлар 2025'!$G:$G,"GRG P5800") -> 0 | L10: =COUNTIFS(Инфокиоски!$E:$E,$B10,Инфокиоски!$D:$D,"Touchplat")+COUNTIFS(Инфокиоски!$E:$E,$B10,Инфокиоски!$D:$D,"Optimal") -> 4
A11: 8 | B11: Самарқанд вилояти | C11: =D11+E11+H11+I11+J11+K11 -> 0 | D11: =COUNTIFS('жами банкоматлар 2025'!$E:$E,$B11,'жами банкоматлар 2025'!$I:$I,"UzCard",'жами банкоматлар 2025'!$G:$G,"NCR 6623")+COUNTIFS('жами банкоматлар 2025'!$E:$E,$B11,'жами банкоматлар 2025'!$I:$I,"UzCard",'жами банкоматлар 2025'!$G:$G,"NCR 6622") -> 0 | E11: =COUNTIFS('жами банкоматлар 2025'!$E:$E,$B11,'жами банкоматлар 2025'!$I:$I,"UzCard",'жами банкоматлар 2025'!$G:$G,"CINEO C2070")+COUNTIFS('жами банкоматлар 2025'!$E:$E,$B11,'жами банкоматлар 2025'!$I:$I,"UzCard",'жами банкоматлар 2025'!$G:$G,"CINEO C4560") -> 0 | F11: 3 | G11: 0 | H11: =COUNTIFS('жами банкоматлар 2025'!$E:$E,$B11,'жами банкоматлар 2025'!$I:$I,"Humo",'жами банкоматлар 2025'!$G:$G,"NCR 6623")+COUNTIFS('жами банкоматлар 2025'!$E:$E,$B11,'жами банкоматлар 2025'!$I:$I,"Humo",'жами банкоматлар 2025'!$G:$G,"CINEO C2040") -> 0 | I11: =COUNTIFS('жами банкоматлар 2025'!$E:$E,$B11,'жами банкоматлар 2025'!$I:$I,"Humo",'жами банкоматлар 2025'!$G:$G,"NCR 6682")+COUNTIFS('жами банкоматлар 2025'!$E:$E,$B11,'жами банкоматлар 2025'!$I:$I,"Humo",'жами банкоматлар 2025'!$G:$G,"CINEO C2070")+COUNTIFS('жами банкоматлар 2025'!$E:$E,$B11,'жами банкоматлар 2025'!$I:$I,"Humo",'жами банкоматлар 2025'!$G:$G,"GRG P5800") -> 0 | J11: =COUNTIFS('жами банкоматлар 2025'!$E:$E,$B11,'жами банкоматлар 2025'!$I:$I,"WAY4",'жами банкоматлар 2025'!$G:$G,"NCR 6623") -> 0 | K11: =COUNTIFS('жами банкоматлар 2025'!$E:$E,$B11,'жами банкоматлар 2025'!$I:$I,"WAY4",'жами банкоматлар 2025'!$G:$G,"NCR 6682")+COUNTIFS('жами банкоматлар 2025'!$E:$E,$B11,'жами банкоматлар 2025'!$I:$I,"WAY4",'жами банкоматлар 2025'!$G:$G,"CINEO C2070")+COUNTIFS('жами банкоматлар 2025'!$E:$E,$B11,'жами банкоматлар 2025'!$I:$I,"WAY4",'жами банкоматлар 2025'!$G:$G,"GRG P5800") -> 0 | L11: =COUNTIFS(Инфокиоски!$E:$E,$B11,Инфокиоски!$D:$D,"Touchplat")+COUNTIFS(Инфокиоски!$E:$E,$B11,Инфокиоски!$D:$D,"Optimal") -> 2
A12: 9 | B12: Сирдарё вилояти | C12: =D12+E12+H12+I12+J12+K12 -> 0 | D12: =COUNTIFS('жами банкоматлар 2025'!$E:$E,$B12,'жами банкоматлар 2025'!$I:$I,"UzCard",'жами банкоматлар 2025'!$G:$G,"NCR 6623")+COUNTIFS('жами банкоматлар 2025'!$E:$E,$B12,'жами банкоматлар 2025'!$I:$I,"UzCard",'жами банкоматлар 2025'!$G:$G,"NCR 6622") -> 0 | E12: =COUNTIFS('жами банкоматлар 2025'!$E:$E,$B12,'жами банкоматлар 2025'!$I:$I,"UzCard",'жами банкоматлар 2025'!$G:$G,"CINEO C2070")+COUNTIFS('жами банкоматлар 2025'!$E:$E,$B12,'жами банкоматлар 2025'!$I:$I,"UzCard",'жами банкоматлар 2025'!$G:$G,"CINEO C4560") -> 0 | F12: 4 | G12: 0 | H12: =COUNTIFS('жами банкоматлар 2025'!$E:$E,$B12,'жами банкоматлар 2025'!$I:$I,"Humo",'жами банкоматлар 2025'!$G:$G,"NCR 6623")+COUNTIFS('жами банкоматлар 2025'!$E:$E,$B12,'жами банкоматлар 2025'!$I:$I,"Humo",'жами банкоматлар 2025'!$G:$G,"CINEO C2040") -> 0 | I12: =COUNTIFS('жами банкоматлар 2025'!$E:$E,$B12,'жами банкоматлар 2025'!$I:$I,"Humo",'жами банкоматлар 2025'!$G:$G,"NCR 6682")+COUNTIFS('жами банкоматлар 2025'!$E:$E,$B12,'жами банкоматлар 2025'!$I:$I,"Humo",'жами банкоматлар 2025'!$G:$G,"CINEO C2070")+COUNTIFS('жами банкоматлар 2025'!$E:$E,$B12,'жами банкоматлар 2025'!$I:$I,"Humo",'жами банкоматлар 2025'!$G:$G,"GRG P5800") -> 0 | J12: =COUNTIFS('жами банкоматлар 2025'!$E:$E,$B12,'жами банкоматлар 2025'!$I:$I,"WAY4",'жами банкоматлар 2025'!$G:$G,"NCR 6623") -> 0 | K12: =COUNTIFS('жами банкоматлар 2025'!$E:$E,$B12,'жами банкоматлар 2025'!$I:$I,"WAY4",'жами банкоматлар 2025'!$G:$G,"NCR 6682")+COUNTIFS('жами банкоматлар 2025'!$E:$E,$B12,'жами банкоматлар 2025'!$I:$I,"WAY4",'жами банкоматлар 2025'!$G:$G,"CINEO C2070")+COUNTIFS('жами банкоматлар 2025'!$E:$E,$B12,'жами банкоматлар 2025'!$I:$I,"WAY4",'жами банкоматлар 2025'!$G:$G,"GRG P5800") -> 0 | L12: =COUNTIFS(Инфокиоски!$E:$E,$B12,Инфокиоски!$D:$D,"Touchplat")+COUNTIFS(Инфокиоски!$E:$E,$B12,Инфокиоски!$D:$D,"Optimal") -> 3
A13: 10 | B13: Сурхондарё вилояти | C13: =D13+E13+H13+I13+J13+K13 -> 0 | D13: =COUNTIFS('жами банкоматлар 2025'!$E:$E,$B13,'жами банкоматлар 2025'!$I:$I,"UzCard",'жами банкоматлар 2025'!$G:$G,"NCR 6623")+COUNTIFS('жами банкоматлар 2025'!$E:$E,$B13,'жами банкоматлар 2025'!$I:$I,"UzCard",'жами банкоматлар 2025'!$G:$G,"NCR 6622") -> 0 | E13: =COUNTIFS('жами банкоматлар 2025'!$E:$E,$B13,'жами банкоматлар 2025'!$I:$I,"UzCard",'жами банкоматлар 2025'!$G:$G,"CINEO C2070")+COUNTIFS('жами банкоматлар 2025'!$E:$E,$B13,'жами банкоматлар 2025'!$I:$I,"UzCard",'жами банкоматлар 2025'!$G:$G,"CINEO C4560") -> 0 | F13: 7 | G13: 0 | H13: =COUNTIFS('жами банкоматлар 2025'!$E:$E,$B13,'жами банкоматлар 2025'!$I:$I,"Humo",'жами банкоматлар 2025'!$G:$G,"NCR 6623")+COUNTIFS('жами банкоматлар 2025'!$E:$E,$B13,'жами банкоматлар 2025'!$I:$I,"Humo",'жами банкоматлар 2025'!$G:$G,"CINEO C2040") -> 0 | I13: =COUNTIFS('жами банкоматлар 2025'!$E:$E,$B13,'жами банкоматлар 2025'!$I:$I,"Humo",'жами банкоматлар 2025'!$G:$G,"NCR 6682")+COUNTIFS('жами банкоматлар 2025'!$E:$E,$B13,'жами банкоматлар 2025'!$I:$I,"Humo",'жами банкоматлар 2025'!$G:$G,"CINEO C2070")+COUNTIFS('жами банкоматлар 2025'!$E:$E,$B13,'жами банкоматлар 2025'!$I:$I,"Humo",'жами банкоматлар 2025'!$G:$G,"GRG P5800") -> 0 | J13: =COUNTIFS('жами банкоматлар 2025'!$E:$E,$B13,'жами банкоматлар 2025'!$I:$I,"WAY4",'жами банкоматлар 2025'!$G:$G,"NCR 6623") -> 0 | K13: =COUNTIFS('жами банкоматлар 2025'!$E:$E,$B13,'жами банкоматлар 2025'!$I:$I,"WAY4",'жами банкоматлар 2025'!$G:$G,"NCR 6682")+COUNTIFS('жами банкоматлар 2025'!$E:$E,$B13,'жами банкоматлар 2025'!$I:$I,"WAY4",'жами банкоматлар 2025'!$G:$G,"CINEO C2070")+COUNTIFS('жами банкоматлар 2025'!$E:$E,$B13,'жами банкоматлар 2025'!$I:$I,"WAY4",'жами банкоматлар 2025'!$G:$G,"GRG P5800") -> 0 | L13: =COUNTIFS(Инфокиоски!$E:$E,$B13,Инфокиоски!$D:$D,"Touchplat")+COUNTIFS(Инфокиоски!$E:$E,$B13,Инфокиоски!$D:$D,"Optimal") -> 7
A14: 11 | B14: Тошкент вилояти | C14: =D14+E14+H14+I14+J14+K14 -> 0 | D14: =COUNTIFS('жами банкоматлар 2025'!$E:$E,$B14,'жами банкоматлар 2025'!$I:$I,"UzCard",'жами банкоматлар 2025'!$G:$G,"NCR 6623")+COUNTIFS('жами банкоматлар 2025'!$E:$E,$B14,'жами банкоматлар 2025'!$I:$I,"UzCard",'жами банкоматлар 2025'!$G:$G,"NCR 6622") -> 0 | E14: =COUNTIFS('жами банкоматлар 2025'!$E:$E,$B14,'жами банкоматлар 2025'!$I:$I,"UzCard",'жами банкоматлар 2025'!$G:$G,"CINEO C2070")+COUNTIFS('жами банкоматлар 2025'!$E:$E,$B14,'жами банкоматлар 2025'!$I:$I,"UzCard",'жами банкоматлар 2025'!$G:$G,"CINEO C4560") -> 0 | F14: 20 | G14: 0 | H14: =COUNTIFS('жами банкоматлар 2025'!$E:$E,$B14,'жами банкоматлар 2025'!$I:$I,"Humo",'жами банкоматлар 2025'!$G:$G,"NCR 6623")+COUNTIFS('жами банкоматлар 2025'!$E:$E,$B14,'жами банкоматлар 2025'!$I:$I,"Humo",'жами банкоматлар 2025'!$G:$G,"CINEO C2040") -> 0 | I14: =COUNTIFS('жами банкоматлар 2025'!$E:$E,$B14,'жами банкоматлар 2025'!$I:$I,"Humo",'жами банкоматлар 2025'!$G:$G,"NCR 6682")+COUNTIFS('жами банкоматлар 2025'!$E:$E,$B14,'жами банкоматлар 2025'!$I:$I,"Humo",'жами банкоматлар 2025'!$G:$G,"CINEO C2070")+COUNTIFS('жами банкоматлар 2025'!$E:$E,$B14,'жами банкоматлар 2025'!$I:$I,"Humo",'жами банкоматлар 2025'!$G:$G,"GRG P5800") -> 0 | J14: =COUNTIFS('жами банкоматлар 2025'!$E:$E,$B14,'жами банкоматлар 2025'!$I:$I,"WAY4",'жами банкоматлар 2025'!$G:$G,"NCR 6623") -> 0 | K14: =COUNTIFS('жами банкоматлар 2025'!$E:$E,$B14,'жами банкоматлар 2025'!$I:$I,"WAY4",'жами банкоматлар 2025'!$G:$G,"NCR 6682")+COUNTIFS('жами банкоматлар 2025'!$E:$E,$B14,'жами банкоматлар 2025'!$I:$I,"WAY4",'жами банкоматлар 2025'!$G:$G,"CINEO C2070")+COUNTIFS('жами банкоматлар 2025'!$E:$E,$B14,'жами банкоматлар 2025'!$I:$I,"WAY4",'жами банкоматлар 2025'!$G:$G,"GRG P5800") -> 0 | L14: =COUNTIFS(Инфокиоски!$E:$E,$B14,Инфокиоски!$D:$D,"Touchplat")+COUNTIFS(Инфокиоски!$E:$E,$B14,Инфокиоски!$D:$D,"Optimal") -> 19
A15: 12 | B15: Фарғона вилояти | C15: =D15+E15+H15+I15+J15+K15 -> 0 | D15: =COUNTIFS('жами банкоматлар 2025'!$E:$E,$B15,'жами банкоматлар 2025'!$I:$I,"UzCard",'жами банкоматлар 2025'!$G:$G,"NCR 6623")+COUNTIFS('жами банкоматлар 2025'!$E:$E,$B15,'жами банкоматлар 2025'!$I:$I,"UzCard",'жами банкоматлар 2025'!$G:$G,"NCR 6622") -> 0 | E15: =COUNTIFS('жами банкоматлар 2025'!$E:$E,$B15,'жами банкоматлар 2025'!$I:$I,"UzCard",'жами банкоматлар 2025'!$G:$G,"CINEO C2070")+COUNTIFS('жами банкоматлар 2025'!$E:$E,$B15,'жами банкоматлар 2025'!$I:$I,"UzCard",'жами банкоматлар 2025'!$G:$G,"CINEO C4560") -> 0 | F15: 17 | G15: 0 | H15: =COUNTIFS('жами банкоматлар 2025'!$E:$E,$B15,'жами банкоматлар 2025'!$I:$I,"Humo",'жами банкоматлар 2025'!$G:$G,"NCR 6623")+COUNTIFS('жами банкоматлар 2025'!$E:$E,$B15,'жами банкоматлар 2025'!$I:$I,"Humo",'жами банкоматлар 2025'!$G:$G,"CINEO C2040") -> 0 | I15: =COUNTIFS('жами банкоматлар 2025'!$E:$E,$B15,'жами банкоматлар 2025'!$I:$I,"Humo",'жами банкоматлар 2025'!$G:$G,"NCR 6682")+COUNTIFS('жами банкоматлар 2025'!$E:$E,$B15,'жами банкоматлар 2025'!$I:$I,"Humo",'жами банкоматлар 2025'!$G:$G,"CINEO C2070")+COUNTIFS('жами банкоматлар 2025'!$E:$E,$B15,'жами банкоматлар 2025'!$I:$I,"Humo",'жами банкоматлар 2025'!$G:$G,"GRG P5800") -> 0 | J15: =COUNTIFS('жами банкоматлар 2025'!$E:$E,$B15,'жами банкоматлар 2025'!$I:$I,"WAY4",'жами банкоматлар 2025'!$G:$G,"NCR 6623") -> 0 | K15: =COUNTIFS('жами банкоматлар 2025'!$E:$E,$B15,'жами банкоматлар 2025'!$I:$I,"WAY4",'жами банкоматлар 2025'!$G:$G,"NCR 6682")+COUNTIFS('жами банкоматлар 2025'!$E:$E,$B15,'жами банкоматлар 2025'!$I:$I,"WAY4",'жами банкоматлар 2025'!$G:$G,"CINEO C2070")+COUNTIFS('жами банкоматлар 2025'!$E:$E,$B15,'жами банкоматлар 2025'!$I:$I,"WAY4",'жами банкоматлар 2025'!$G:$G,"GRG P5800") -> 0 | L15: =COUNTIFS(Инфокиоски!$E:$E,$B15,Инфокиоски!$D:$D,"Touchplat")+COUNTIFS(Инфокиоски!$E:$E,$B15,Инфокиоски!$D:$D,"Optimal") -> 15
A16: 13 | B16: Хоразм вилояти | C16: =D16+E16+H16+I16+J16+K16 -> 0 | D16: =COUNTIFS('жами банкоматлар 2025'!$E:$E,$B16,'жами банкоматлар 2025'!$I:$I,"UzCard",'жами банкоматлар 2025'!$G:$G,"NCR 6623")+COUNTIFS('жами банкоматлар 2025'!$E:$E,$B16,'жами банкоматлар 2025'!$I:$I,"UzCard",'жами банкоматлар 2025'!$G:$G,"NCR 6622") -> 0 | E16: =COUNTIFS('жами банкоматлар 2025'!$E:$E,$B16,'жами банкоматлар 2025'!$I:$I,"UzCard",'жами банкоматлар 2025'!$G:$G,"CINEO C2070")+COUNTIFS('жами банкоматлар 2025'!$E:$E,$B16,'жами банкоматлар 2025'!$I:$I,"UzCard",'жами банкоматлар 2025'!$G:$G,"CINEO C4560") -> 0 | F16: 6 | G16: 0 | H16: =COUNTIFS('жами банкоматлар 2025'!$E:$E,$B16,'жами банкоматлар 2025'!$I:$I,"Humo",'жами банкоматлар 2025'!$G:$G,"NCR 6623")+COUNTIFS('жами банкоматлар 2025'!$E:$E,$B16,'жами банкоматлар 2025'!$I:$I,"Humo",'жами банкоматлар 2025'!$G:$G,"CINEO C2040") -> 0 | I16: =COUNTIFS('жами банкоматлар 2025'!$E:$E,$B16,'жами банкоматлар 2025'!$I:$I,"Humo",'жами банкоматлар 2025'!$G:$G,"NCR 6682")+COUNTIFS('жами банкоматлар 2025'!$E:$E,$B16,'жами банкоматлар 2025'!$I:$I,"Humo",'жами банкоматлар 2025'!$G:$G,"CINEO C2070")+COUNTIFS('жами банкоматлар 2025'!$E:$E,$B16,'жами банкоматлар 2025'!$I:$I,"Humo",'жами банкоматлар 2025'!$G:$G,"GRG P5800") -> 0 | J16: =COUNTIFS('жами банкоматлар 2025'!$E:$E,$B16,'жами банкоматлар 2025'!$I:$I,"WAY4",'жами банкоматлар 2025'!$G:$G,"NCR 6623") -> 0 | K16: =COUNTIFS('жами банкоматлар 2025'!$E:$E,$B16,'жами банкоматлар 2025'!$I:$I,"WAY4",'жами банкоматлар 2025'!$G:$G,"NCR 6682")+COUNTIFS('жами банкоматлар 2025'!$E:$E,$B16,'жами банкоматлар 2025'!$I:$I,"WAY4",'жами банкоматлар 2025'!$G:$G,"CINEO C2070")+COUNTIFS('жами банкоматлар 2025'!$E:$E,$B16,'жами банкоматлар 2025'!$I:$I,"WAY4",'жами банкоматлар 2025'!$G:$G,"GRG P5800") -> 0 | L16: =COUNTIFS(Инфокиоски!$E:$E,$B16,Инфокиоски!$D:$D,"Touchplat")+COUNTIFS(Инфокиоски!$E:$E,$B16,Инфокиоски!$D:$D,"Optimal") -> 1
A17: 14 | B17: Тошкент шаҳри | C17: =D17+E17+H17+I17+J17+K17 -> 0 | D17: =COUNTIFS('жами банкоматлар 2025'!$E:$E,$B17,'жами банкоматлар 2025'!$I:$I,"UzCard",'жами банкоматлар 2025'!$G:$G,"NCR 6623")+COUNTIFS('жами банкоматлар 2025'!$E:$E,$B17,'жами банкоматлар 2025'!$I:$I,"UzCard",'жами банкоматлар 2025'!$G:$G,"NCR 6622") -> 0 | E17: =COUNTIFS('жами банкоматлар 2025'!$E:$E,$B17,'жами банкоматлар 2025'!$I:$I,"UzCard",'жами банкоматлар 2025'!$G:$G,"CINEO C2070")+COUNTIFS('жами банкоматлар 2025'!$E:$E,$B17,'жами банкоматлар 2025'!$I:$I,"UzCard",'жами банкоматлар 2025'!$G:$G,"CINEO C4560") -> 0 | F17: 48 | G17: 21 | H17: =COUNTIFS('жами банкоматлар 2025'!$E:$E,$B17,'жами банкоматлар 2025'!$I:$I,"Humo",'жами банкоматлар 2025'!$G:$G,"NCR 6623")+COUNTIFS('жами банкоматлар 2025'!$E:$E,$B17,'жами банкоматлар 2025'!$I:$I,"Humo",'жами банкоматлар 2025'!$G:$G,"CINEO C2040") -> 0 | I17: =COUNTIFS('жами банкоматлар 2025'!$E:$E,$B17,'жами банкоматлар 2025'!$I:$I,"Humo",'жами банкоматлар 2025'!$G:$G,"NCR 6682")+COUNTIFS('жами банкоматлар 2025'!$E:$E,$B17,'жами банкоматлар 2025'!$I:$I,"Humo",'жами банкоматлар 2025'!$G:$G,"CINEO C2070")+COUNTIFS('жами банкоматлар 2025'!$E:$E,$B17,'жами банкоматлар 2025'!$I:$I,"Humo",'жами банкоматлар 2025'!$G:$G,"GRG P5800") -> 0 | J17: =COUNTIFS('жами банкоматлар 2025'!$E:$E,$B17,'жами банкоматлар 2025'!$I:$I,"WAY4",'жами банкоматлар 2025'!$G:$G,"NCR 6623") -> 0 | K17: =COUNTIFS('жами банкоматлар 2025'!$E:$E,$B17,'жами банкоматлар 2025'!$I:$I,"WAY4",'жами банкоматлар 2025'!$G:$G,"NCR 6682")+COUNTIFS('жами банкоматлар 2025'!$E:$E,$B17,'жами банкоматлар 2025'!$I:$I,"WAY4",'жами банкоматлар 2025'!$G:$G,"CINEO C2070")+COUNTIFS('жами банкоматлар 2025'!$E:$E,$B17,'жами банкоматлар 2025'!$I:$I,"WAY4",'жами банкоматлар 2025'!$G:$G,"GRG P5800") -> 0 | L17: =COUNTIFS(Инфокиоски!$E:$E,$B17,Инфокиоски!$D:$D,"Touchplat")+COUNTIFS(Инфокиоски!$E:$E,$B17,Инфокиоски!$D:$D,"Optimal") -> 31
A18: Жами | C18: =D18+E18+H18+I18+J18+K18 -> 1 | D18: =SUM(D4:D17) -> 1 | E18: =SUM(E4:E17) -> 0 | F18: =SUM(F4:F17) -> 157 | G18: =SUM(G4:G17) -> 21 | H18: =SUM(H4:H17) -> 0 | I18: =SUM(I4:I17) -> 0 | J18: =SUM(J4:J17) -> 0 | K18: =SUM(K4:K17) -> 0 | L18: =SUM(L4:L17) -> 128

Sheet Инфокиоски
B1: Группа | F1: Киоск
A2: № | B2: МФО ф-л | C2: Названия филиала | D2: Модел киоска | E2: Регион | F2: Серийный номер | G2: Киоска ID | H2: MerchantID | I2: Terminal ID | J2: Terminal ID | K2: Адрес установки | L2: Ориентир | M2: Геолокация (alt) | N2: Геолокация (long)
A3: 1 | B3: 00051 | C3: Хонобод БХМ | D3: Touchplat | E3: Андижон вилояти | F3: 0008265 | G3: 10051001 | H3: 900346213 | I3: 95000968 | J3: 9005650 | K3: Хонобод ш Фароғат кўчаси 2 уй | L3: БХМ биносида | M3: 40.802868 | N3: 72.987355
A4: 2 | B4: 00051 | C4: Хонобод БХМ | D4: Touchplat | E4: Андижон вилояти | F4: 0008270 | G4: 10051002 | H4: 900346213 | I4: 95000967 | J4: 9005651 | K4: Фарогат кўча 2 уй | L4: Банк биноси | M4: 40.802868 | N4: 72.987355
A5: 3 | B5: 00076 | C5: Бунёдкор БХО | D5: OPTIMAL | E5: Андижон вилояти | F5: 2016509 | G5: 10075001 | H5: 900346216 | I5: 95001995 | K5: Андижон шахар, Юсуф Отабеков кўчаси, 74 | L5: Шахар шифохонаси | M5: 40.812403 | N5: 72.314667
A6: 4 | B6: 00076 | C6: Бунёдкор БХО | D6: OPTIMAL | E6: Андижон вилояти | F6: 2016510 | G6: 10075002 | H6: 900346216 | I6: 95001996 | K6: Андижон вилояти, Андижон шахар Бустон МФЙ Усмон Юсупов кучаси | L6: Андижон Шахар Dibir Озик овкат | M6: 40.769946 | N6: 72.379158
A7: 5 | B7: 00076 | C7: Бунёдкор БХО | D7: Touchplat | E7: Андижон вилояти | F7: 0008302 | G7: 10075003 | H7: 900346216 | I7: 95001994 | J7: 9005647 | K7: Андижон ш. Бобуршох кўча 36 уй | L7: Банк биноси | M7: 40.78147 | N7: 72.331291
A8: 6 | B8: 00076 | C8: Бунёдкор БХО | D8: OPTIMAL | E8: Андижон вилояти | F8: 2016507 | G8: 10076001 | H8: 900346216 | I8: 95001052 | K8: Андижон вилояти, Андижон шахар Ўзбекистон кўчаси 280А уй | L8: Бархаёт БХМ 24/7 | M8: 40.783684 | N8: 72.345349
A9: 7 | B9: 00076 | C9: Бунёдкор БХО | D9: OPTIMAL | E9: Андижон вилояти | F9: 2016508 | G9: 10076002 | H9: 900346216 | I9: 95001051 | K9: Андижон вилояти, Андижон шахар Буюк турон | L9: Янги бозор олдида | M9: 40.757742 | N9: 72.353561
A10: 8 | B10: 00076 | C10: Бунёдкор БХО | D10: Touchplat | E10: Андижон вилояти | F10: 0008366 | G10: 10076003 | H10: 900346216 | I10: 95000976 | J10: 9005652 | K10: Андижон вилояти, Андижон шахар Амур темур 24 уй | L10: Бунёдкор БХМ биноси 24/7 | M10: 40.760647 | N10: 72.348285
A11: 9 | B11: 00076 | C11: Бунёдкор БХО | D11: Touchplat | E11: Андижон вилояти | F11: 0008304 | G11: 10076004 | H11: 900346216 | I11: 95000975 | J11: 9005653 | K11: Андижон вилояти, Андижон шахар Амур темур 24 уй | L11: Бунёдкор БХМ биноси 24/7 | M11: 40.760647 | N11: 72.348285
A12: 10 | B12: 00076 | C12: Бунёдкор БХО | D12: Touchplat | E12: Андижон вилояти | F12: 0008300 | G12: 10076005 | H12: 900346216 | I12: 95000974 | J12: 9005654 | K12: Андижон вилояти, Андижон шахар, А.Юлдашева кўчаси | L12: Visus клиникаси | M12: 40.744138 | N12: 72.317809
A13: 11 | B13: 00085 | C13: Коровулбозор БХМ | D13: Touchplat | E13: Бухоро вилояти | F13: 0008295 | G13: 10085001 | H13: 900346218 | I13: 95000977 | J13: 9005656 | K13: Бухоро вилояти, Коровул Бозор туман Геологлар кучаси | L13: Коровулбозор Банк биноси | M13: 39.498571 | N13: 64.790155
A14: 12 | B14: 00862 | C14: Тўқимачилик БХМ | D14: Touchplat | E14: Бухоро вилояти | F14: 0008389 | G14: 10086004 | H14: 900381781 | I14: 95001962 | J14: 9005658 | K14: Когон шахар, Бухоро шох кўча 34 уй | L14: Когон БХМ | M14: 39.725665 | N14: 64.545167
A15: 13 | B15: 00085 | C15: Коровулбозор БХМ | D15: Touchplat | E15: Бухоро вилояти | F15: 0008319 | G15: 10085003 | H15: 900346218 | I15: 95000979 | J15: 9005657 | K15: Геологлар кўча 32 уй | L15: Банк биноси | M15: 39.498571 | N15: 64.790155
A16: 14 | B16: 00862 | C16: Тўқимачилик БХМ | D16: Touchplat | E16: Бухоро вилояти | F16: 0008283 | G16: 10086001 | H16: 900381781 | I16: 95001960 | J16: 9005655 | K16: город Бухара, улица Афросиаб | L16: ARK chicken кафе | M16: 39.779361 | N16: 64.410186
A17: 15 | B17: 00186 | C17: Муборак БХМ | D17: Touchplat | E17: Қашқадарё вилояти | F17: 0008284 | G17: 10186001 | H17: 900346229 | I17: 95000983 | J17: 9005692 | K17: Занжирсарой кўча 22 уй | L17: Банк биноси(омборда) | M17: 39.260139 | N17: 65.166091
A18: 16 | B18: 00186 | C18: Муборак БХМ | D18: Touchplat | E18: Қашқадарё вилояти | F18: 0008377 | G18: 10186002 | H18: 900346229 | I18: 95000982 | J18: 9005693 | K18: Қашқадарё вилояти, Муборак тумани промзонаси ИЭМ биноси | L18: ИЭМ биноси ичида | M18: 39.183162 | N18: 65.289318
A19: 17 | B19: 00186 | C19: Муборак БХМ | D19: Touchplat | E19: Қашқадарё вилояти | F19: 0008391 | G19: 10186003 | H19: 900346229 | I19: 95000981 | J19: 9005694 | K19: Занжирсарой кўча 22 уй | L19: Банк биноси | M19: 39.260139 | N19: 65.166091
A20: 18 | B20: 00186 | C20: Муборак БХМ | D20: Touchplat | E20: Қашқадарё вилояти | F20: 0008315 | G20: 10186004 | H20: 900346229 | I20: 95000980 | J20: 9005691 | K20: Занжирсарой кўча 22 уй | L20: Банк биноси | M20: 39.260139 | N20: 65.166091
A21: 19 | B21: 00207 | C21: Навоий БХО | D21: Touchplat | E21: Навоий вилояти | F21: 0008285 | G21: 10207001 | H21: 900318874 | I21: 95000102 | J21: 9005664 | K21: Навоий ш. Меъморлар кўча 7 уй | M21: 40.112964 | N21: 65.357957
A22: 20 | B22: 00207 | C22: Навоий БХО | D22: Touchplat | E22: Навоий вилояти | F22: 0008382 | G22: 10207002 | H22: 900318874 | I22: 95001046 | J22: 9005661 | K22: Навоий ш. Меъморлар кўча 17а уй | M22: 40.115806 | N22: 65.363726
A23: 21 | B23: 00207 | C23: Навоий БХО | D23: Touchplat | E23: Навоий вилояти | F23: 0008374 | G23: 10207003 | H23: 900318874 | I23: 95000111 | J23: 9005663 | K23: Навоий ш. И.Каримов кўча 7 уй | M23: 40.100793 | N23: 65.374877
A24: 22 | B24: 00207 | C24: Навоий БХО | D24: Touchplat | E24: Навоий вилояти | F24: 0008298 | G24: 10207004 | H24: 900318874 | I24: 95000110 | J24: 9005662 | K24: Навоий ш. Меъморлар кўча 7 уй | M24: 40.112964 | N24: 65.357957
A25: 23 | B25: 00224 | C25: Наманган БХО | D25: Touchplat | E25: Наманган вилояти | F25: 0008262 | G25: 10224001 | H25: 900346235 | I25: 95000988 | J25: 9005665 | K25: Наманган вилояти, Фурқат МФЙ, И.Каримов кўчаси ,19-уй | L25: Саноатқурилишбанк биноси олдида 24/7 | M25: 41.00586 | N25: 71.63588
A26: 24 | B26: 00224 | C26: Наманган БХО | D26: Touchplat | E26: Наманган вилояти | F26: 0008264 | G26: 10224002 | H26: 900346235 | I26: 95000987 | J26: 9005666 | K26: улица Саноат, 37 | L26: Шахар электр тармоқ | M26: 41.010836 | N26: 71.645056
A27: 25 | B27: 00224 | C27: Наманган БХО | D27: Touchplat | E27: Наманган вилояти | F27: 0008376 | G27: 10224003 | H27: 900346235 | I27: 95000986 | J27: 9005648 | K27: Б.Машраб кўча, вилоят хокимлиги ичида | L27: Вилоят хокимлиги ичида | M27: 41.000712 | N27: 71.673359
A28: 26 | B28: 00224 | C28: Наманган БХО | D28: Touchplat | E28: Наманган вилояти | F28: 0008362 | G28: 10224004 | H28: 900346235 | I28: 95000985 | J28: 9005649 | K28: Котира кўча, 9в уй | L28: Электр тармоқ | M28: 41.000537 | N28: 71.614044
A29: 27 | B29: 00317 | C29: Самарканд БХО | D29: Touchplat | E29: Самарқанд вилояти | F29: 0008282 | G29: 10317001 | H29: 900346367 | I29: 95001027 | J29: 9005667 | K29: Туркистон кўча 162 уй | L29: Банк биноси | M29: 39.647250 | N29: 66.934231
A30: 28 | B30: 00354 | C30: Сариосиё БХМ | D30: Touchplat | E30: Сурхондарё вилояти | F30: 0008365 | G30: 10354001 | H30: 900346355 | I30: 95001017 | J30: 9005701 | K30: Сурхандарё вилояти, Сариосиё туман А Каххор куча 7-уй | L30: Саноаткурилишбанк Сариосиё филиали биносида | M30: 38.403139 | N30: 67.963948
A31: 29 | B31: 00354 | C31: Сариосиё БХМ | D31: Touchplat | E31: Сурхондарё вилояти | F31: 0008307 | G31: 10354002 | H31: 900346355 | I31: 95001016 | J31: 9005700 | K31: Сурхандарё вилояти, Сариосиё туман Шаргун Шахтиёрлар куча 29 | L31: Шаргун БХМ | M31: 38.466982 | N31: 67.963450
A32: 30 | B32: 00354 | C32: Сариосиё БХМ | D32: Touchplat | E32: Сурхондарё вилояти | F32: 0008254 | G32: 10354003 | H32: 900346355 | I32: 95001015 | J32: 9005702 | K32: Сурхандарё вилояти, Сариосиё туман А Каххор куча 7-уй | L32: Саноаткурилишбанк Сариосиё филиали биносида | M32: 38.403139 | N32: 67.963948
A33: 31 | B33: 00434 | C33: Ал-Хоразмий БХМ( Сергели БХМ) | D33: Touchplat | E33: Тошкент шаҳри | F33: 0008395 | G33: 10403001 | H33: 900346266 | I33: 95000998 | J33: 9005733 | K33: Сергели туман Шокирариқ кўча 3 уй | L33: Банк биноси | M33: 41.218655 | N33: 69.223275
A34: 32 | B34: 00424 | C34: Тошкент шахар БХО (Юнусобод БХМ) | D34: OPTIMAL | E34: Тошкент шаҳри | F34: 2016423 | G34: 10428001 | H34: 900335859 | I34: 95000649 | J34: 9006703 | K34: Yunusobod Tumani A.Temur kuchasi | L34: Avtosalon Xumo | M34: 41.366267 | N34: 69.285625
A35: 33 | B35: 00424 | C35: Тошкент шахар БХО (Юнусобод БХМ) | D35: Touchplat | E35: Тошкент шаҳри | F35: 0008311 | G35: 10428002 | H35: 900335859 | I35: 95000964 | J35: 9005729 | K35: Юнусобод туман Учкахрамон кўча 7 уй | L35: Банк биноси | M35: 41.376463 | N35: 69.281053
A36: 34 | B36: 00424 | C36: Тошкент шахар БХО (Юнусобод БХМ(Олмазор)) | D36: Touchplat | E36: Тошкент шаҳри | F36: 0008268 | G36: 10428004 | H36: 900335859 | I36: 95001421 | J36: 9005739 | K36: Тошкент шахри, Олмазор тумани, Дилсарой кўчаси, 5 | L36: Олмазор туман прокуратураси | M36: 41.350590 | N36: 69.239023
A37: 35 | B37: 00424 | C37: Тошкент шахар БХО (Юнусобод БХМ(Олмазор)) | D37: Touchplat | E37: Тошкент шаҳри | F37: 0008276 | G37: 10428003 | H37: 900335859 | I37: 95001422 | J37: 9005738 | K37: О.Бобожонова кўча 10 уй | L37: Банк биноси | M37: 41.353043 | N37: 69.252419
A38: 36 | B38: 00424 | C38: Тошкент шахар БХО (Юнусобод БХМ(Шахристан)) | D38: Touchplat | E38: Тошкент шаҳри | F38: 0008364 | G38: 10428005 | H38: 900335859 | I38: 95001424 | K38: Юнусобод туман Чинобод кўча 49 уй | L38: Банк биноси | M38: 41.353190 | N38: 69.296338
A39: 37 | B39: 00424 | C39: Тошкент шахар БХО | D39: Touchplat | E39: Тошкент шаҳри | F39: 0008292 | G39: 10424001 | H39: 900318877 | I39: 95000677 | J39: 9005727 | K39: М.Улугбек туман М.Улугбек кўча 93 уй | L39: "Пойтахт" автосалони | M39: 41.346429 | N39: 69.346787
A40: 38 | B40: 00424 | C40: Тошкент шахар БХО | D40: Touchplat | E40: Тошкент шаҳри | F40: 0008397 | G40: 10424002 | H40: 900318877 | I40: 95000082 | J40: 9005732 | K40: М.Улугбек туман Мустакиллик кўча 5 уй | L40: Амир Темур метро бекати | M40: 41.312641 | N40: 69.282378
A41: 39 | B41: 00424 | C41: Тошкент шахар БХО(Яшнобод) | D41: Touchplat | E41: Тошкент шаҳри | F41: 0008368 | G41: 10432001 | H41: 900318877 | I41: 95001515 | J41: 9005724 | K41: Яшнобод туман Махтумкули куча 69 уй | L41: 24/7(эски банк биноси) | M41: 41.305251 | N41: 69.308661
A42: 40 | B42: 00424 | C42: Тошкент шахар БХО(Яшнобод) | D42: OPTIMAL | E42: Тошкент шаҳри | F42: 2016424 | G42: 10432002 | H42: 900318877 | I42: 95001514 | J42: 9009474 | K42: Мирзо-улуғбек тумани, Паркент кўчаси, 227 уй | L42: Dentmed мед техника | M42: 41.311354 | N42: 69.333952
A43: 41 | B43: 00424 | C43: Тошкент шахар БХО(Яшнобод) | D43: OPTIMAL | E43: Тошкент шаҳри | F43: 2016425 | G43: 10432003 | H43: 900318877 | I43: 95001516 | J43: 9005723 | K43: Мирабадский тцумани, Шахрисабз кўчаси, 16а | L43: Ойбек БХМ | M43: 41.299150 | N43: 69.274744
A44: 42 | B44: 00424 | C44: Тошкент шахар БХО(Лабзак) | D44: Touchplat | E44: Тошкент шаҳри | F44: 0008277 | G44: 10442003 | H44: 900346348 | I44: 95001024 | K44: Абай кўчаси 10А уй | M44: 41.326787 | N44: 69.255620
A45: 43 | B45: 00424 | C45: Тошкент шахар БХО(Лабзак) | D45: Touchplat | E45: Тошкент шаҳри | F45: 0008275 | G45: 10424003 | H45: 900318877 | I45: 95001517 | K45: Абай кўчаси 10А уй | L45: Банк биноси | M45: 41.326701 | N45: 69.255695
A46: 44 | B46: 00424 | C46: Тошкент шахар БХО(Мирзо-Улугбек) | D46: Touchplat | E46: Тошкент шаҳри | F46: 0008288 | G46: 10399001 | H46: 900318877 | I46: 95001518 | K46: Тошкент ш. М.Улугбек туман Чамбил кўча | L46: ИИВ қоровул кўшинлар комондонлиги | M46: 41.278711 | N46: 69.281543
A47: 45 | B47: 00424 | C47: Тошкент шахар БХО(Амалиёт бошкармаси) | D47: Touchplat | E47: Тошкент шаҳри | F47: 0008272 | G47: 10440001 | H47: 900346342 | I47: 95001012 | J47: 9005744 | K47: Шахрисабз кўча, 3 уй | L47: Банк биноси | M47: 41.316884 | N47: 69.282402
A48: 46 | B48: 00434 | C48: Ал-Хоразмий БХМ | D48: OPTIMAL | E48: Тошкент шаҳри | F48: 2016420 | G48: 10434001 | H48: 900318876 | I48: 95000613 | J48: 9009473 | K48: Учтепа райион "Урикзор садо комплекси"Урикзор бозори | M48: 41.286701 | N48: 69.149748
A49: 47 | B49: 00434 | C49: Ал-Хоразмий БХМ | D49: Touchplat | E49: Тошкент шаҳри | F49: 0008384 | G49: 10434002 | H49: 900318876 | I49: 95001039 | J49: 9005728 | K49: Чилонзор 30 квартал 16А уй | L49: Банк биноси | M49: 41.266623 | N49: 69.157552
A50: 48 | B50: 00434 | C50: Ал-Хоразмий БХМ(Учтепа) | D50: Touchplat | E50: Тошкент шаҳри | F50: 0008316 | G50: 10434003 | H50: 900367674 | I50: 95001511 | K50: Фарход кўча 3А уй | L50: Банк биноси | M50: 41.284169 | N50: 69.188615
A51: 49 | B51: 00434 | C51: Ал-Хоразмий БХМ(Лабзак) | D51: Touchplat | E51: Тошкент шаҳри | F51: 0008274 | G51: 10442001 | H51: 900346348 | I51: 95001026 | K51: Чилонзор тумани, Катта халқа йўли | L51: Абу Сахий | M51: 41.247769 | N51: 69.165471
A52: 50 | B52: 00434 | C52: Ал-Хоразмий БХМ(Лабзак) | D52: Touchplat | E52: Тошкент шаҳри | F52: 0008273 | G52: 10434004 | H52: 900367675 | I52: 95001512 | K52: Чилонзор тумани, Катта халқа йўли | L52: Абу Сахий | M52: 41.247769 | N52: 69.165471
A53: 51 | B53: 00424 | C53: Тошкент шахар БХО (Ракат БХМ) | D53: OPTIMAL | E53: Тошкент шаҳри | F53: 2016419 | G53: 10435001 | H53: 900334337 | I53: 95000621 | J53: 9006710 | K53: Яккасарайскый р-н, ул. Ш.Руставели д 48Аския базар | M53: 41.284439 | N53: 69.252110
A54: 52 | B54: 00424 | C54: Тошкент шахар БХО (Ракат БХМ) | D54: Touchplat | E54: Тошкент шаҳри | F54: 0008269 | G54: 10435002 | H54: 900334337 | I54: 95000947 | J54: 9005726 | K54: Яккасарой туман Шохжахон куча 2А уй | L54: Банк биноси | M54: 41.285702 | N54: 69.248796
A55: 53 | B55: 00424 | C55: Тошкент шахар БХО (Ракат БХМ(Миробод)) | D55: OPTIMAL | E55: Тошкент шаҳри | F55: 2016421 | G55: 10435005 | H55: 900334337 | I55: 95001482 | K55: Инвестиция ва Ташки ишлар вазирлиги | M55: 41.305515 | N55: 69.277503
A56: 54 | B56: 00424 | C56: Тошкент шахар БХО (Ракат БХМ(Миробод)) | D56: OPTIMAL | E56: Тошкент шаҳри | F56: 2016418 | G56: 10435003 | H56: 900334337 | I56: 95001480 | J56: 9006698 | K56: Шимолий Вокзал | M56: 41.292271 | N56: 69.285261
A57: 55 | B57: 00424 | C57: Тошкент шахар БХО (Ракат БХМ(Миробод)) | D57: Touchplat | E57: Тошкент шаҳри | F57: 0008388 | G57: 10435004 | H57: 900334337 | I57: 95001481 | J57: 9005725 | K57: Миробод туман Туркистон кўча 10 | L57: Ўзсаноаткурилишбанк АТБ Миробод филиали | M57: 41.293051 | N57: 69.286531
A58: 56 | B58: 00434 | C58: Ал-Хоразмий БХМ (Ракат БХМ(Катортол)) | D58: Touchplat | E58: Тошкент шаҳри | F58: 0008381 | G58: 10435008 | H58: 900334337 | I58: 95001485 | K58: Чилонзор туман, Кичик халқа йўли | L58: Чилонзор дехкон бозори | M58: 41.276717 | N58: 69.202740
A59: 57 | B59: 00434 | C59: Ал-Хоразмий БХМ (Ракат БХМ(Катортол)) | D59: Touchplat | E59: Тошкент шаҳри | F59: 0008399 | G59: 10435006 | H59: 900334337 | I59: 95001483 | K59: Чилонзор туман, Катортол куча 60 уй | L59: Катартол оптом бозор | M59: 41.293798 | N59: 69.211819
A60: 58 | B60: 00434 | C60: Ал-Хоразмий БХМ (Ракат БХМ(Чилонзор)) | D60: OPTIMAL | E60: Тошкент шаҳри | F60: 2016422 | G60: 10435010 | H60: 900334337 | I60: 95001488 | J60: 9006727 | K60: Чилонзор туман, Ц-квартал, Мехр кўчаси, 57А | L60: Городской ГАИ | M60: 41.279428 | N60: 69.205894
A61: 59 | B61: 00434 | C61: Ал-Хоразмий БХМ (Ракат БХМ(Чилонзор)) | D61: Touchplat | E61: Тошкент шаҳри | F61: 0008367 | G61: 10435011 | H61: 900334337 | I61: 95001489 | J61: 9005734 | K61: Учтепа туман, 14 квартал, 14 уй | L61: Лутфий БХМ | M61: 41.296002 | N61: 69.193708
A62: 60 | B62: 00434 | C62: Ал-Хоразмий БХМ (Ракат БХМ(Чилонзор)) | D62: Touchplat | E62: Тошкент шаҳри | F62: 0008280 | G62: 10435007 | H62: 900334337 | I62: 95001487 | J62: 9005445 | K62: Чилонзор туман, Кичик халқа йўли, Шухрат остановкаси | L62: Andalus | M62: 41.278299 | N62: 69.198351
A63: 61 | B63: 00424 | C63: Тошкент шахар БХО (Ракат БХМ(Чилонзор)) | D63: Touchplat | E63: Тошкент шаҳри | F63: 0008318 | G63: 10435009 | H63: 900334337 | I63: 95001486 | J63: 9005722 | K63: Яккасарой туман, Шох-Жахон кўчаси | L63: Текстильный университет | M63: 41.284285 | N63: 69.24529
A64: 62 | B64: 00494 | C64: Фаргона БХО | D64: OPTIMAL | E64: Фарғона вилояти | F64: 2016430 | G64: 10494001 | H64: 900346358 | I64: 95001502 | J64: 9006715 | K64: Фаргона шахар, комус кўча(24/7) | L64: 24/7 | M64: 40.385150 | N64: 71.789638
A65: 63 | B65: 00494 | C65: Фаргона БХО | D65: OPTIMAL | E65: Фарғона вилояти | F65: 2016426 | G65: 10494002 | H65: 900346358 | I65: 95001504 | J65: 9006713 | K65: Фаргона шахар, Маргилон қўча | L65: Стадион Нефтчи | M65: 40.445618 | N65: 71.766388
A66: 64 | B66: 00494 | C66: Фаргона БХО | D66: OPTIMAL | E66: Фарғона вилояти | F66: 2016427 | G66: 10494003 | H66: 900346358 | I66: 95001935 | J66: 9006717 | K66: Фаргона шахар, комус кўча(24/7) | L66: 24/7 | M66: 40.384996 | N66: 71.789629
A67: 65 | B67: 00494 | C67: Фаргона БХО | D67: Touchplat | E67: Фарғона вилояти | F67: 0008387 | G67: 10494004 | H67: 900346358 | I67: 95001806 | J67: 9005673 | K67: Тўкимачилик кўча 42 уй | L67: БХМ | M67: 40.474227 | N67: 71.751878
A68: 66 | B68: 00494 | C68: Фаргона БХО | D68: Touchplat | E68: Фарғона вилояти | F68: 0008313 | G68: 10494005 | H68: 900346358 | I68: 95001505 | J68: 9005674 | K68: Маргилоний кўча 107Б уй | L68: БХМ | M68: 40.477253 | N68: 71.724728
A69: 67 | B69: 00494 | C69: Фаргона БХО | D69: Touchplat | E69: Фарғона вилояти | F69: 0008281 | G69: 10494006 | H69: 900346358 | I69: 95001807 | J69: 9005672 | K69: Комус кўча 42 уй | L69: Банк биноси | M69: 40.384996 | N69: 71.789629
A70: 68 | B70: 00494 | C70: Фаргона БХО | D70: Touchplat | E70: Фарғона вилояти | F70: 0008279 | G70: 10494007 | H70: 900346358 | I70: 95001503 | J70: 9005675 | K70: Комус кўча 42 уй | L70: Банк биноси | M70: 40.384996 | N70: 71.789629
A71: 69 | B71: 00494 | C71: Фаргона БХО | D71: Touchplat | E71: Фарғона вилояти | F71: 0008260 | G71: 10524001 | H71: 900346358 | I71: 95001022 | J71: 9005681 | K71: Фаргона кўча 19 уй | L71: Банк биноси | M71: 40.439241 | N71: 71.771834
A72: 70 | B72: 00494 | C72: Фаргона БХО | D72: Touchplat | E72: Фарғона вилояти | F72: 0008370 | G72: 10524002 | H72: 900346358 | I72: 95001021 | J72: 9005680 | K72: Фаргона кўча 19 уй | L72: 24/7 | M72: 40.439417 | N72: 71.771487
A73: 71 | B73: 00531 | C73: Кукон БХМ | D73: OPTIMAL | E73: Фарғона вилояти | F73: 2016434 | G73: 10531001 | H73: 900332781 | I73: 95000592 | J73: 9006723 | K73: ш.Коканд ул.А.Темур кучаси 1а уй | L73: 24/7 | M73: 40.525894 | N73: 70.938638
A74: 72 | B74: 00531 | C74: Кукон БХМ | D74: OPTIMAL | E74: Фарғона вилояти | F74: 2016504 | G74: 10531002 | H74: 900332781 | I74: 95000610 | J74: 9006722 | K74: ш.Коканд ул. Мовароуннахр"LADA" центр | M74: 40.526400 | N74: 70.920527
A75: 73 | B75: 00531 | C75: Кукон БХМ | D75: Touchplat | E75: Фарғона вилояти | F75: 0008369 | G75: 10531003 | H75: 900332781 | I75: 95000945 | J75: 9005678 | K75: ш.Коканд, Сарбоз куча 1а уй | L75: Горгаз | M75: 40.530093 | N75: 70.938278
A76: 74 | B76: 00531 | C76: Кукон БХМ | D76: Touchplat | E76: Фарғона вилояти | F76: 0008390 | G76: 10531004 | H76: 900332781 | I76: 95000944 | J76: 9005679 | K76: А Темур куча 1а уй | L76: Банк биноси | M76: 40.525935 | N76: 70.940093
A77: 75 | B77: 00531 | C77: Кукон БХМ | D77: Touchplat | E77: Фарғона вилояти | F77: 0008294 | G77: 10531005 | H77: 900332781 | I77: 95000943 | J77: 9005677 | K77: Фарғона вилояти, Қўқон шахар Муқумий шахарчаси | L77: Маселко дўкони | M77: 40.478013 | N77: 70.988704
A78: 76 | B78: 00531 | C78: Кукон БХМ | D78: Touchplat | E78: Фарғона вилояти | F78: 0008363 | G78: 10531006 | H78: 900332781 | I78: 95000942 | J78: 9005676 | K78: А Темур куча 1а уй | L78: Банк биноси | M78: 40.525935 | N78: 70.940093
A79: 77 | B79: 00591 | C79: Кунгирот БХМ | D79: Touchplat | E79: Қорақалпоғистон Республикаси | F79: 0008380 | G79: 10591001 | H79: 900346369 | I79: 95001042 | J79: 9005706 | K79: Кунгирот тумани Т.Айбергенов 48 уй | L79: Банк биноси | M79: 43.049262 | N79: 58.834129
A80: 78 | B80: 00591 | C80: Кунгирот БХМ | D80: Touchplat | E80: Қорақалпоғистон Республикаси | F80: 0008267 | G80: 10591002 | H80: 900346369 | I80: 95001041 | J80: 9005707 | K80: Кунгирот тумани Гарезсизлик 110 уй | L80: Утсртгаз (Контор) | M80: 43.044957 | N80: 58.845046
A81: 79 | B81: 00591 | C81: Кунгирот БХМ | D81: Touchplat | E81: Қорақалпоғистон Республикаси | F81: 0008317 | G81: 10591003 | H81: 900346369 | I81: 95001040 | J81: 9005705 | K81: Кунгирот тумани Навой 17 уй | L81: УРБ (Контор) | M81: 43.043859 | N81: 58.852280
A82: 80 | B82: 00868 | C82: Қорақалпоғистон БХО (Тахиатош БХМ) | D82: OPTIMAL | E82: Қорақалпоғистон Республикаси | F82: 2016429 | G82: 10616001 | H82: 900332324 | I82: 95000577 | J82: 9006691 | K82: Тахиаташский район, улица Киятас, 29 | M82: 42.335138 | N82: 59.573817
A83: 81 | B83: 00868 | C83: Қорақалпоғистон БХО (Тахиатош БХМ) | D83: OPTIMAL | E83: Қорақалпоғистон Республикаси | F83: 2016428 | G83: 10616002 | H83: 900332324 | I83: 95000576 | J83: 9006689 | K83: Тахиаташский район, улица Камалат | L83: Дехқон бозори | M83: 42.3331431 | N83: 59.5805118
A84: 82 | B84: 00868 | C84: Қорақалпоғистон БХО (Тахиатош БХМ) | D84: Touchplat | E84: Қорақалпоғистон Республикаси | F84: 0008271 | G84: 10616003 | H84: 900332324 | I84: 95001031 | J84: 9005708 | K84: Қорақолпоғистон республикаси, Хужайли тумани, Ғарезсизлик кўчаси (Бозор) | L84: 24/7 (Хужайли т Дехкон базор) | M84: 42.4168379 | N84: 59.4439089
A85: 83 | B85: 00868 | C85: Қорақалпоғистон БХО (Тахиатош БХМ) | D85: Touchplat | E85: Қорақалпоғистон Республикаси | F85: 0008287 | G85: 10616004 | H85: 900332324 | I85: 95001032 | J85: 9005709 | K85: Қорақолпоғистон республикаси, Хужайли тумани Ғарезсизлик кўчаси, 29 (БХМ) | L85: 24/7 | M85: 42.4115040 | N85: 59.4532460
A86: 84 | B86: 00853 | C86: Хоразм БХО | D86: Touchplat | E86: Хоразм вилояти | F86: 0008383 | G86: 10853001 | H86: 900346349 | I86: 95001011 | J86: 9005682 | K86: Хоразм вилояти, Урганч шахар И.Каримов 128 | L86: Банк Биноси | M86: 41.551334 | N86: 60.630180
A87: 85 | B87: 00854 | C87: Кашкадаре БХО | D87: Touchplat | E87: Қашқадарё вилояти | F87: 0008378 | G87: 10854001 | H87: 900318872 | I87: 95001004 | J87: 9005685 | K87: Хонобод шоссе 2а уй | L87: Банк биноси(омборда) | M87: 38.830223 | N87: 65.793573
A88: 86 | B88: 00854 | C88: Кашкадаре БХО | D88: Touchplat | E88: Қашқадарё вилояти | F88: 0008314 | G88: 10854002 | H88: 900318872 | I88: 95001001 | J88: 9005683 | K88: Хонобод шоссе 2а уй | L88: Банк биноси(омборда) | M88: 38.830223 | N88: 65.793573
A89: 87 | B89: 00854 | C89: Кашкадаре БХО | D89: Touchplat | E89: Қашқадарё вилояти | F89: 0008385 | G89: 10854003 | H89: 900318872 | I89: 95001000 | J89: 9005687 | K89: Хонобод шоссе 2а уй | L89: Банк биноси(омборда) | M89: 38.830223 | N89: 65.793573
A90: 88 | B90: 00854 | C90: Кашкадаре БХО | D90: Touchplat | E90: Қашқадарё вилояти | F90: 0008286 | G90: 10854004 | H90: 900318872 | I90: 95000997 | J90: 9005686 | K90: Хонобод шоссе 2а уй | L90: Банк биноси(омборда) | M90: 38.830223 | N90: 65.793573
A91: 89 | B91: 00854 | C91: Кашкадаре БХО | D91: Touchplat | E91: Қашқадарё вилояти | F91: 0008392 | G91: 10854005 | H91: 900318872 | I91: 95000996 | J91: 9005684 | K91: Хонобод шоссе 2а уй | L91: Банк биноси | M91: 38.830223 | N91: 65.793573
A92: 90 | B92: 00854 | C92: Кашкадаре БХО | D92: Touchplat | E92: Қашқадарё вилояти | F92: 0008372 | G92: 10854006 | H92: 900318872 | I92: 95001002 | J92: 9005689 | K92: Хонобод шоссе 2а уй | L92: Банк биноси(омборда) | M92: 38.830223 | N92: 65.793573
A93: 91 | B93: 00854 | C93: Кашкадаре БХО | D93: Touchplat | E93: Қашқадарё вилояти | F93: 0008261 | G93: 10854007 | H93: 900318872 | I93: 95000994 | J93: 9005688 | K93: Хонобод шоссе 2а уй | L93: Банк биноси(омборда) | M93: 38.830223 | N93: 65.793573
A94: 92 | B94: 00854 | C94: Кашкадаре БХО | D94: Touchplat | E94: Қашқадарё вилояти | F94: 0008310 | G94: 10854008 | H94: 900318872 | I94: 95000993 | J94: 9005690 | K94: Хонобод шоссе 2а уй | L94: Банк биноси | M94: 38.830223 | N94: 65.793573
A95: 93 | B95: 00855 | C95: Сирдарё БХО | D95: Touchplat | E95: Сирдарё вилояти | F95: 0008379 | G95: 10855001 | H95: 900346376 | I95: 95001035 | J95: 9005696 | K95: Sirdaryo viloyati, Yangiyer shaxar A.Temur kuchasi 3 uy | L95: Янгиер ш Элмакон магазини | M95: 40.2737837 | N95: 68.8282347
... A97: 95 | B97: 00855 | C97: Сирдарё БХО | D97: Touchplat | E97: Сирдарё вилояти | F97: 0008297 | G97: 10855003 | H97: 900346376 | I97: 95001033 | J97: 9005695 | K97: ш.Гулитан, Узбекистан қўча | L97: Юселл биноси | M97: 40.496813 | N97: 68.774621
A98: 96 | B98: 00862 | C98: Тўқимачилик БХМ | D98: Touchplat | E98: Бухоро вилояти | F98: 0008306 | G98: 10086003 | H98: 900381781 | I98: 95001961 | J98: 9005660 | K98: Бухоро вилояти, Бухоро шахри Тараккиёт кучаси 1 уй | L98: Тараккиёт БХМ | M98: 39.7612448 | N98: 64.4517965
A99: 97 | B99: 00862 | C99: Тўқимачилик БХМ | D99: Touchplat | E99: Бухоро вилояти | F99: 0008356 | G99: 10086002 | H99: 900381781 | I99: 95001963 | J99: 9005659 | K99: Бухоро вилояти, Бухоро шахар Навоий шох кўчаси 5 уй | L99: Тукимачилик БХМ олдида | M99: 39.764267 | N99: 64.424746
A100: 98 | B100: 00863 | C100: Чирчик БХМ | D100: OPTIMAL | E100: Тошкент вилояти | F100: 2016511 | G100: 10863001 | H100: 900334871 | I100: 95000633 | J100: 9009507 | K100: Тошкент вилояти, Бўстонлиқ тумани, Амирсой | L100: Амирсой | M100: 41.486666 | N100: 69.940655
A101: 99 | B101: 00863 | C101: Чирчик БХМ | D101: OPTIMAL | E101: Тошкент вилояти | F101: 2016512 | G101: 10863002 | H101: 900334871 | I101: 95000634 | J101: 9009508 | K101: Тошкент вилояти, Чирчиқ шахри, Алишер Навои кўча | L101: Юселл биноси | M101: 41.473983 | N101: 69.587637
...

Sheet VTM, STM
B2: № | C2: № | D2: МФО | E2: МФО | F2: Худуд | G2: Филиал | I2: Модели | J2: % | K2: 50-100 $ | L2: Тўлов тизими тури | M2: Серия рақами | N2: Merchant id | O2: Term id | P2: МФО | Q2: Манзили | R2: Мўлжал | T2: Геолокация (alt) | U2: Геолокация (long) | V2: Транзит х/р (23504)
B3: 1 | C3: 1 | D3: 00424 | E3: 11184 | F3: Тошкент шаҳри | G3: Тошкент шахар худудий БХО | H3: Амалиёт Бошкармаси | I3: VTM DT-7000I60XL | J3: 1 | L3: HUMO | M3: 493324 | N3: 004400001164009 | O3: 027A1K2Q | P3: 00424 | Q3: Шайхонтохур т. И. Каримов кўча 5 уй | R3: Toshkent City | T3: 41.312309 | U3: 69.245667 | V3: 23504000100011640807 | W3: 10107000900011640807

Sheet СВОД формула
A1: № | B1: МФО | C1: Локал | D1: БХО / БХМ номи | E1: HUMO | K1: WAY4 | P1: UzCard | V1: Банкомат ЖАМИ | W1: инфокиоск Жами | X1: Терминал HUMO | Y1: Терминал UzCARD | Z1: DATACARD CE840 HUMO | AA1: DATACARD CE840UzCARD
E2: CINEO C2040 | F2: CINEO C2070 | G2: NCR 6623 | H2: NCR 6682 | I2: GRG P5800 | J2: ЖАМИ | K2: NCR 6623 | L2: NCR 6682 | M2: CINEO C2070 | N2: GRG P5800 | O2: ЖАМИ | P2: NCR 6622 | Q2: NCR 6623 | R2: NCR 6682 | S2: CINEO C2070 | T2: CINEO C4560 | U2: ЖАМИ
A3: 1 | B3: 00051 | C3: =VLOOKUP(B3,'жами банкоматлар 2025'!C:D,2,0) -> 11087 | D3: =VLOOKUP(B3,'жами банкоматлар 2025'!C:F,4,0) -> Хонобод БХМ | E3: =COUNTIFS('жами банкоматлар 2025'!$D:$D,$C3,'жами банкоматлар 2025'!$I:$I,"Humo",'жами банкоматлар 2025'!$G:$G,"CINEO C2040") -> 0 | F3: =COUNTIFS('жами банкоматлар 2025'!$D:$D,$C3,'жами банкоматлар 2025'!$I:$I,"Humo",'жами банкоматлар 2025'!$G:$G,"CINEO C2070") -> 0 | G3: =COUNTIFS('жами банкоматлар 2025'!$D:$D,$C3,'жами банкоматлар 2025'!$I:$I,"Humo",'жами банкоматлар 2025'!$G:$G,"NCR 6623") -> 0 | H3: =COUNTIFS('жами банкоматлар 2025'!$D:$D,$C3,'жами банкоматлар 2025'!$I:$I,"Humo",'жами банкоматлар 2025'!$G:$G,"NCR 6682") -> 0 | I3: =COUNTIFS('жами банкоматлар 2025'!$D:$D,$C3,'жами банкоматлар 2025'!$I:$I,"Humo",'жами банкоматлар 2025'!$G:$G,"GRG P5800") -> 0 | J3: =+E3+F3+G3+H3+I3 -> 0 | K3: =COUNTIFS('жами банкоматлар 2025'!$D:$D,$C3,'жами банкоматлар 2025'!$I:$I,"Way4",'жами банкоматлар 2025'!$G:$G,"NCR 6623") -> 0 | L3: =COUNTIFS('жами банкоматлар 2025'!$D:$D,$C3,'жами банкоматлар 2025'!$I:$I,"Way4",'жами банкоматлар 2025'!$G:$G,"NCR 6682") -> 0 | M3: =COUNTIFS('жами банкоматлар 2025'!$D:$D,$C3,'жами банкоматлар 2025'!$I:$I,"Way4",'жами банкоматлар 2025'!$G:$G,"CINEO C2070") -> 0 | N3: =COUNTIFS('жами банкоматлар 2025'!$D:$D,$C3,'жами банкоматлар 2025'!$I:$I,"Way4",'жами банкоматлар 2025'!$G:$G,"GRG P5800") -> 0 | O3: =+K3+L3+M3+N3 -> 0 | P3: =COUNTIFS('жами банкоматлар 2025'!$D:$D,$C3,'жами банкоматлар 2025'!$I:$I,"UzCard",'жами банкоматлар 2025'!$G:$G,"NCR 6622") -> 0 | Q3: =COUNTIFS('жами банкоматлар 2025'!$D:$D,$C3,'жами банкоматлар 2025'!$I:$I,"UzCard",'жами банкоматлар 2025'!$G:$G,"NCR 6623") -> 1 | R3: =COUNTIFS('жами банкоматлар 2025'!$D:$D,$C3,'жами банкоматлар 2025'!$I:$I,"UzCard",'жами банкоматлар 2025'!$G:$G,"NCR 6682") -> 0 | S3: =COUNTIFS('жами банкоматлар 2025'!$D:$D,$C3,'жами банкоматлар 2025'!$I:$I,"UzCard",'жами банкоматлар 2025'!$G:$G,"CINEO C2070") -> 0 | T3: =COUNTIFS('жами банкоматлар 2025'!$D:$D,$C3,'жами банкоматлар 2025'!$I:$I,"UzCard",'жами банкоматлар 2025'!$G:$G,"CINEO C4560") -> 0 | U3: =+P3+Q3+S3+T3 -> 1 | V3: =+U3+O3+J3 -> 1 | W3: 2 | X3: 148 | Y3: 215 | Z3: 1 | AA3: 1
A4: 2 | B4: 00075 | C4: 11081 | D4: Андижон БХО | E4: =COUNTIFS('жами банкоматлар 2025'!$D:$D,$C4,'жами банкоматлар 2025'!$I:$I,"Humo",'жами банкоматлар 2025'!$G:$G,"CINEO C2040") -> 0 | F4: =COUNTIFS('жами банкоматлар 2025'!$D:$D,$C4,'жами банкоматлар 2025'!$I:$I,"Humo",'жами банкоматлар 2025'!$G:$G,"CINEO C2070") -> 0 | G4: =COUNTIFS('жами банкоматлар 2025'!$D:$D,$C4,'жами банкоматлар 2025'!$I:$I,"Humo",'жами банкоматлар 2025'!$G:$G,"NCR 6623") -> 0 | H4: =COUNTIFS('жами банкоматлар 2025'!$D:$D,$C4,'жами банкоматлар 2025'!$I:$I,"Humo",'жами банкоматлар 2025'!$G:$G,"NCR 6682") -> 0 | I4: =COUNTIFS('жами банкоматлар 2025'!$D:$D,$C4,'жами банкоматлар 2025'!$I:$I,"Humo",'жами банкоматлар 2025'!$G:$G,"GRG P5800") -> 0 | J4: =+E4+F4+G4+H4+I4 -> 0 | K4: =COUNTIFS('жами банкоматлар 2025'!$D:$D,$C4,'жами банкоматлар 2025'!$I:$I,"Way4",'жами банкоматлар 2025'!$G:$G,"NCR 6623") -> 0 | L4: =COUNTIFS('жами банкоматлар 2025'!$D:$D,$C4,'жами банкоматлар 2025'!$I:$I,"Way4",'жами банкоматлар 2025'!$G:$G,"NCR 6682") -> 0 | M4: =COUNTIFS('жами банкоматлар 2025'!$D:$D,$C4,'жами банкоматлар 2025'!$I:$I,"Way4",'жами банкоматлар 2025'!$G:$G,"CINEO C2070") -> 0 | N4: =COUNTIFS('жами банкоматлар 2025'!$D:$D,$C4,'жами банкоматлар 2025'!$I:$I,"Way4",'жами банкоматлар 2025'!$G:$G,"GRG P5800") -> 0 | O4: =+K4+L4+M4+N4 -> 0 | P4: =COUNTIFS('жами банкоматлар 2025'!$D:$D,$C4,'жами банкоматлар 2025'!$I:$I,"UzCard",'жами банкоматлар 2025'!$G:$G,"NCR 6622") -> 0 | Q4: =COUNTIFS('жами банкоматлар 2025'!$D:$D,$C4,'жами банкоматлар 2025'!$I:$I,"UzCard",'жами банкоматлар 2025'!$G:$G,"NCR 6623") -> 0 | R4: =COUNTIFS('жами банкоматлар 2025'!$D:$D,$C4,'жами банкоматлар 2025'!$I:$I,"UzCard",'жами банкоматлар 2025'!$G:$G,"NCR 6682") -> 0 | S4: =COUNTIFS('жами банкоматлар 2025'!$D:$D,$C4,'жами банкоматлар 2025'!$I:$I,"UzCard",'жами банкоматлар 2025'!$G:$G,"CINEO C2070") -> 0 | T4: =COUNTIFS('жами банкоматлар 2025'!$D:$D,$C4,'жами банкоматлар 2025'!$I:$I,"UzCard",'жами банкоматлар 2025'!$G:$G,"CINEO C4560") -> 0 | U4: =+P4+Q4+S4+T4 -> 0 | V4: =+U4+O4+J4 -> 0 | W4: 3 | X4: 173 | Y4: 425 | Z4: 1 | AA4: 1
A5: 3 | B5: 00076 | C5: 11088 | D5: Бунёдкор БХО | E5: =COUNTIFS('жами банкоматлар 2025'!$D:$D,$C5,'жами банкоматлар 2025'!$I:$I,"Humo",'жами банкоматлар 2025'!$G:$G,"CINEO C2040") -> 0 | F5: =COUNTIFS('жами банкоматлар 2025'!$D:$D,$C5,'жами банкоматлар 2025'!$I:$I,"Humo",'жами банкоматлар 2025'!$G:$G,"CINEO C2070") -> 0 | G5: =COUNTIFS('жами банкоматлар 2025'!$D:$D,$C5,'жами банкоматлар 2025'!$I:$I,"Humo",'жами банкоматлар 2025'!$G:$G,"NCR 6623") -> 0 | H5: =COUNTIFS('жами банкоматлар 2025'!$D:$D,$C5,'жами банкоматлар 2025'!$I:$I,"Humo",'жами банкоматлар 2025'!$G:$G,"NCR 6682") -> 0 | I5: =COUNTIFS('жами банкоматлар 2025'!$D:$D,$C5,'жами банкоматлар 2025'!$I:$I,"Humo",'жами банкоматлар 2025'!$G:$G,"GRG P5800") -> 0 | J5: =+E5+F5+G5+H5+I5 -> 0 | K5: =COUNTIFS('жами банкоматлар 2025'!$D:$D,$C5,'жами банкоматлар 2025'!$I:$I,"Way4",'жами банкоматлар 2025'!$G:$G,"NCR 6623") -> 0 | L5: =COUNTIFS('жами банкоматлар 2025'!$D:$D,$C5,'жами банкоматлар 2025'!$I:$I,"Way4",'жами банкоматлар 2025'!$G:$G,"NCR 6682") -> 0 | M5: =COUNTIFS('жами банкоматлар 2025'!$D:$D,$C5,'жами банкоматлар 2025'!$I:$I,"Way4",'жами банкоматлар 2025'!$G:$G,"CINEO C2070") -> 0 | N5: =COUNTIFS('жами банкоматлар 2025'!$D:$D,$C5,'жами банкоматлар 2025'!$I:$I,"Way4",'жами банкоматлар 2025'!$G:$G,"GRG P5800") -> 0 | O5: =+K5+L5+M5+N5 -> 0 | P5: =COUNTIFS('жами банкоматлар 2025'!$D:$D,$C5,'жами банкоматлар 2025'!$I:$I,"UzCard",'жами банкоматлар 2025'!$G:$G,"NCR 6622") -> 0 | Q5: =COUNTIFS('жами банкоматлар 2025'!$D:$D,$C5,'жами банкоматлар 2025'!$I:$I,"UzCard",'жами банкоматлар 2025'!$G:$G,"NCR 6623") -> 0 | R5: =COUNTIFS('жами банкоматлар 2025'!$D:$D,$C5,'жами банкоматлар 2025'!$I:$I,"UzCard",'жами банкоматлар 2025'!$G:$G,"NCR 6682") -> 0 | S5: =COUNTIFS('жами банкоматлар 2025'!$D:$D,$C5,'жами банкоматлар 2025'!$I:$I,"UzCard",'жами банкоматлар 2025'!$G:$G,"CINEO C2070") -> 0 | T5: =COUNTIFS('жами банкоматлар 2025'!$D:$D,$C5,'жами банкоматлар 2025'!$I:$I,"UzCard",'жами банкоматлар 2025'!$G:$G,"CINEO C4560") -> 0 | U5: =+P5+Q5+S5+T5 -> 0 | V5: =+U5+O5+J5 -> 0 | W5: 5 | X5: 176 | Y5: 217 | Z5: 0 | AA5: 1
A6: 4 | B6: 00085 | C6: =VLOOKUP(B6,'жами банкоматлар 2025'!C:D,2,0) -> #N/A | D6: =VLOOKUP(B6,'жами банкоматлар 2025'!C:F,4,0) -> #N/A | E6: =COUNTIFS('жами банкоматлар 2025'!$D:$D,$C6,'жами банкоматлар 2025'!$I:$I,"Humo",'жами банкоматлар 2025'!$G:$G,"CINEO C2040") -> 0 | F6: =COUNTIFS('жами банкоматлар 2025'!$D:$D,$C6,'жами банкоматлар 2025'!$I:$I,"Humo",'жами банкоматлар 2025'!$G:$G,"CINEO C2070") -> 0 | G6: =COUNTIFS('жами банкоматлар 2025'!$D:$D,$C6,'жами банкоматлар 2025'!$I:$I,"Humo",'жами банкоматлар 2025'!$G:$G,"NCR 6623") -> 0 | H6: =COUNTIFS('жами банкоматлар 2025'!$D:$D,$C6,'жами банкоматлар 2025'!$I:$I,"Humo",'жами банкоматлар 2025'!$G:$G,"NCR 6682") -> 0 | I6: =COUNTIFS('жами банкоматлар 2025'!$D:$D,$C6,'жами банкоматлар 2025'!$I:$I,"Humo",'жами банкоматлар 2025'!$G:$G,"GRG P5800") -> 0 | J6: =+E6+F6+G6+H6+I6 -> 0 | K6: =COUNTIFS('жами банкоматлар 2025'!$D:$D,$C6,'жами банкоматлар 2025'!$I:$I,"Way4",'жами банкоматлар 2025'!$G:$G,"NCR 6623") -> 0 | L6: =COUNTIFS('жами банкоматлар 2025'!$D:$D,$C6,'жами банкоматлар 2025'!$I:$I,"Way4",'жами банкоматлар 2025'!$G:$G,"NCR 6682") -> 0 | M6: =COUNTIFS('жами банкоматлар 2025'!$D:$D,$C6,'жами банкоматлар 2025'!$I:$I,"Way4",'жами банкоматлар 2025'!$G:$G,"CINEO C2070") -> 0 | N6: =COUNTIFS('жами банкоматлар 2025'!$D:$D,$C6,'жами банкоматлар 2025'!$I:$I,"Way4",'жами банкоматлар 2025'!$G:$G,"GRG P5800") -> 0 | O6: =+K6+L6+M6+N6 -> 0 | P6: =COUNTIFS('жами банкоматлар 2025'!$D:$D,$C6,'жами банкоматлар 2025'!$I:$I,"UzCard",'жами банкоматлар 2025'!$G:$G,"NCR 6622") -> 0 | Q6: =COUNTIFS('жами банкоматлар 2025'!$D:$D,$C6,'жами банкоматлар 2025'!$I:$I,"UzCard",'жами банкоматлар 2025'!$G:$G,"NCR 6623") -> 0 | R6: =COUNTIFS('жами банкоматлар 2025'!$D:$D,$C6,'жами банкоматлар 2025'!$I:$I,"UzCard",'жами банкоматлар 2025'!$G:$G,"NCR 6682") -> 0 | S6: =COUNTIFS('жами банкоматлар 2025'!$D:$D,$C6,'жами банкоматлар 2025'!$I:$I,"UzCard",'жами банкоматлар 2025'!$G:$G,"CINEO C2070") -> 0 | T6: =COUNTIFS('жами банкоматлар 2025'!$D:$D,$C6,'жами банкоматлар 2025'!$I:$I,"UzCard",'жами банкоматлар 2025'!$G:$G,"CINEO C4560") -> 0 | U6: =+P6+Q6+S6+T6 -> 0 | V6: =+U6+O6+J6 -> 0 | W6: 3 | X6: 250 | Y6: 215 | Z6: 1 | AA6: 1
A7: 5 | B7: 00086 | C7: 10852 | D7: Бухоро БХО | E7: =COUNTIFS('жами банкоматлар 2025'!$D:$D,$C7,'жами банкоматлар 2025'!$I:$I,"Humo",'жами банкоматлар 2025'!$G:$G,"CINEO C2040") -> 0 | F7: =COUNTIFS('жами банкоматлар 2025'!$D:$D,$C7,'жами банкоматлар 2025'!$I:$I,"Humo",'жами банкоматлар 2025'!$G:$G,"CINEO C2070") -> 0 | G7: =COUNTIFS('жами банкоматлар 2025'!$D:$D,$C7,'жами банкоматлар 2025'!$I:$I,"Humo",'жами банкоматлар 2025'!$G:$G,"NCR 6623") -> 0 | H7: =COUNTIFS('жами банкоматлар 2025'!$D:$D,$C7,'жами банкоматлар 2025'!$I:$I,"Humo",'жами банкоматлар 2025'!$G:$G,"NCR 6682") -> 0 | I7: =COUNTIFS('жами банкоматлар 2025'!$D:$D,$C7,'жами банкоматлар 2025'!$I:$I,"Humo",'жами банкоматлар 2025'!$G:$G,"GRG P5800") -> 0 | J7: =+E7+F7+G7+H7+I7 -> 0 | K7: =COUNTIFS('жами банкоматлар 2025'!$D:$D,$C7,'жами банкоматлар 2025'!$I:$I,"Way4",'жами банкоматлар 2025'!$G:$G,"NCR 6623") -> 0 | L7: =COUNTIFS('жами банкоматлар 2025'!$D:$D,$C7,'жами банкоматлар 2025'!$I:$I,"Way4",'жами банкоматлар 2025'!$G:$G,"NCR 6682") -> 0 | M7: =COUNTIFS('жами банкоматлар 2025'!$D:$D,$C7,'жами банкоматлар 2025'!$I:$I,"Way4",'жами банкоматлар 2025'!$G:$G,"CINEO C2070") -> 0 | N7: =COUNTIFS('жами банкоматлар 2025'!$D:$D,$C7,'жами банкоматлар 2025'!$I:$I,"Way4",'жами банкоматлар 2025'!$G:$G,"GRG P5800") -> 0 | O7: =+K7+L7+M7+N7 -> 0 | P7: =COUNTIFS('жами банкоматлар 2025'!$D:$D,$C7,'жами банкоматлар 2025'!$I:$I,"UzCard",'жами банкоматлар 2025'!$G:$G,"NCR 6622") -> 0 | Q7: =COUNTIFS('жами банкоматлар 2025'!$D:$D,$C7,'жами банкоматлар 2025'!$I:$I,"UzCard",'жами банкоматлар 2025'!$G:$G,"NCR 6623") -> 0 | R7: =COUNTIFS('жами банкоматлар 2025'!$D:$D,$C7,'жами банкоматлар 2025'!$I:$I,"UzCard",'жами банкоматлар 2025'!$G:$G,"NCR 6682") -> 0 | S7: =COUNTIFS('жами банкоматлар 2025'!$D:$D,$C7,'жами банкоматлар 2025'!$I:$I,"UzCard",'жами банкоматлар 2025'!$G:$G,"CINEO C2070") -> 0 | T7: =COUNTIFS('жами банкоматлар 2025'!$D:$D,$C7,'жами банкоматлар 2025'!$I:$I,"UzCard",'жами банкоматлар 2025'!$G:$G,"CINEO C4560") -> 0 | U7: =+P7+Q7+S7+T7 -> 0 | V7: =+U7+O7+J7 -> 0 | W7: 1 | X7: 555 | Y7: 599 | Z7: 1 | AA7: 1
A8: 6 | B8: 00207 | C8: =VLOOKUP(B8,'жами банкоматлар 2025'!C:D,2,0) -> #N/A | D8: =VLOOKUP(B8,'жами банкоматлар 2025'!C:F,4,0) -> #N/A | E8: =COUNTIFS('жами банкоматлар 2025'!$D:$D,$C8,'жами банкоматлар 2025'!$I:$I,"Humo",'жами банкоматлар 2025'!$G:$G,"CINEO C2040") -> 0 | F8: =COUNTIFS('жами банкоматлар 2025'!$D:$D,$C8,'жами банкоматлар 2025'!$I:$I,"Humo",'жами банкоматлар 2025'!$G:$G,"CINEO C2070") -> 0 | G8: =COUNTIFS('жами банкоматлар 2025'!$D:$D,$C8,'жами банкоматлар 2025'!$I:$I,"Humo",'жами банкоматлар 2025'!$G:$G,"NCR 6623") -> 0 | H8: =COUNTIFS('жами банкоматлар 2025'!$D:$D,$C8,'жами банкоматлар 2025'!$I:$I,"Humo",'жами банкоматлар 2025'!$G:$G,"NCR 6682") -> 0 | I8: =COUNTIFS('жами банкоматлар 2025'!$D:$D,$C8,'жами банкоматлар 2025'!$I:$I,"Humo",'жами банкоматлар 2025'!$G:$G,"GRG P5800") -> 0 | J8: =+E8+F8+G8+H8+I8 -> 0 | K8: =COUNTIFS('жами банкоматлар 2025'!$D:$D,$C8,'жами банкоматлар 2025'!$I:$I,"Way4",'жами банкоматлар 2025'!$G:$G,"NCR 6623") -> 0 | L8: =COUNTIFS('жами банкоматлар 2025'!$D:$D,$C8,'жами банкоматлар 2025'!$I:$I,"Way4",'жами банкоматлар 2025'!$G:$G,"NCR 6682") -> 0 | M8: =COUNTIFS('жами банкоматлар 2025'!$D:$D,$C8,'жами банкоматлар 2025'!$I:$I,"Way4",'жами банкоматлар 2025'!$G:$G,"CINEO C2070") -> 0 | N8: =COUNTIFS('жами банкоматлар 2025'!$D:$D,$C8,'жами банкоматлар 2025'!$I:$I,"Way4",'жами банкоматлар 2025'!$G:$G,"GRG P5800") -> 0 | O8: =+K8+L8+M8+N8 -> 0 | P8: =COUNTIFS('жами банкоматлар 2025'!$D:$D,$C8,'жами банкоматлар 2025'!$I:$I,"UzCard",'жами банкоматлар 2025'!$G:$G,"NCR 6622") -> 0 | Q8: =COUNTIFS('жами банкоматлар 2025'!$D:$D,$C8,'жами банкоматлар 2025'!$I:$I,"UzCard",'жами банкоматлар 2025'!$G:$G,"NCR 6623") -> 0 | R8: =COUNTIFS('жами банкоматлар 2025'!$D:$D,$C8,'жами банкоматлар 2025'!$I:$I,"UzCard",'жами банкоматлар 2025'!$G:$G,"NCR 6682") -> 0 | S8: =COUNTIFS('жами банкоматлар 2025'!$D:$D,$C8,'жами банкоматлар 2025'!$I:$I,"UzCard",'жами банкоматлар 2025'!$G:$G,"CINEO C2070") -> 0 | T8: =COUNTIFS('жами банкоматлар 2025'!$D:$D,$C8,'жами банкоматлар 2025'!$I:$I,"UzCard",'жами банкоматлар 2025'!$G:$G,"CINEO C4560") -> 0 | U8: =+P8+Q8+R8+S8+T8 -> 0 | V8: =+U8+O8+J8 -> 0 | W8: 4 | X8: 326 | Y8: 567 | Z8: 1 | AA8: 1
A9: 7 | B9: 00224 | C9: =VLOOKUP(B9,'жами банкоматлар 2025'!C:D,2,0) -> #N/A | D9: =VLOOKUP(B9,'жами банкоматлар 2025'!C:F,4,0) -> #N/A | E9: =COUNTIFS('жами банкоматлар 2025'!$D:$D,$C9,'жами банкоматлар 2025'!$I:$I,"Humo",'жами банкоматлар 2025'!$G:$G,"CINEO C2040") -> 0 | F9: =COUNTIFS('жами банкоматлар 2025'!$D:$D,$C9,'жами банкоматлар 2025'!$I:$I,"Humo",'жами банкоматлар 2025'!$G:$G,"CINEO C2070") -> 0 | G9: =COUNTIFS('жами банкоматлар 2025'!$D:$D,$C9,'жами банкоматлар 2025'!$I:$I,"Humo",'жами банкоматлар 2025'!$G:$G,"NCR 6623") -> 0 | H9: =COUNTIFS('жами банкоматлар 2025'!$D:$D,$C9,'жами банкоматлар 2025'!$I:$I,"Humo",'жами банкоматлар 2025'!$G:$G,"NCR 6682") -> 0 | I9: =COUNTIFS('жами банкоматлар 2025'!$D:$D,$C9,'жами банкоматлар 2025'!$I:$I,"Humo",'жами банкоматлар 2025'!$G:$G,"GRG P5800") -> 0 | J9: =+E9+F9+G9+H9+I9 -> 0 | K9: =COUNTIFS('жами банкоматлар 2025'!$D:$D,$C9,'жами банкоматлар 2025'!$I:$I,"Way4",'жами банкоматлар 2025'!$G:$G,"NCR 6623") -> 0 | L9: =COUNTIFS('жами банкоматлар 2025'!$D:$D,$C9,'жами банкоматлар 2025'!$I:$I,"Way4",'жами банкоматлар 2025'!$G:$G,"NCR 6682") -> 0 | M9: =COUNTIFS('жами банкоматлар 2025'!$D:$D,$C9,'жами банкоматлар 2025'!$I:$I,"Way4",'жами банкоматлар 2025'!$G:$G,"CINEO C2070") -> 0 | N9: =COUNTIFS('жами банкоматлар 2025'!$D:$D,$C9,'жами банкоматлар 2025'!$I:$I,"Way4",'жами банкоматлар 2025'!$G:$G,"GRG P5800") -> 0 | O9: =+K9+L9+M9+N9 -> 0 | P9: =COUNTIFS('жами банкоматлар 2025'!$D:$D,$C9,'жами банкоматлар 2025'!$I:$I,"UzCard",'жами банкоматлар 2025'!$G:$G,"NCR 6622") -> 0 | Q9: =COUNTIFS('жами банкоматлар 2025'!$D:$D,$C9,'жами банкоматлар 2025'!$I:$I,"UzCard",'жами банкоматлар 2025'!$G:$G,"NCR 6623") -> 0 | R9: =COUNTIFS('жами банкоматлар 2025'!$D:$D,$C9,'жами банкоматлар 2025'!$I:$I,"UzCard",'жами банкоматлар 2025'!$G:$G,"NCR 6682") -> 0 | S9: =COUNTIFS('жами банкоматлар 2025'!$D:$D,$C9,'жами банкоматлар 2025'!$I:$I,"UzCard",'жами банкоматлар 2025'!$G:$G,"CINEO C2070") -> 0 | T9: =COUNTIFS('жами банкоматлар 2025'!$D:$D,$C9,'жами банкоматлар 2025'!$I:$I,"UzCard",'жами банкоматлар 2025'!$G:$G,"CINEO C4560") -> 0 | U9: =+P9+Q9+S9+T9 -> 0 | V9: =+U9+O9+J9 -> 0 | W9: 4 | X9: 237 | Y9: 470 | Z9: 1 | AA9: 1
A10: 8 | B10: 00354 | C10: =VLOOKUP(B10,'жами банкоматлар 2025'!C:D,2,0) -> #N/A | D10: =VLOOKUP(B10,'жами банкоматлар 2025'!C:F,4,0) -> #N/A | E10: =COUNTIFS('жами банкоматлар 2025'!$D:$D,$C10,'жами банкоматлар 2025'!$I:$I,"Humo",'жами банкоматлар 2025'!$G:$G,"CINEO C2040") -> 0 | F10: =COUNTIFS('жами банкоматлар 2025'!$D:$D,$C10,'жами банкоматлар 2025'!$I:$I,"Humo",'жами банкоматлар 2025'!$G:$G,"CINEO C2070") -> 0 | G10: =COUNTIFS('жами банкоматлар 2025'!$D:$D,$C10,'жами банкоматлар 2025'!$I:$I,"Humo",'жами банкоматлар 2025'!$G:$G,"NCR 6623") -> 0 | H10: =COUNTIFS('жами банкоматлар 2025'!$D:$D,$C10,'жами банкоматлар 2025'!$I:$I,"Humo",'жами банкоматлар 2025'!$G:$G,"NCR 6682") -> 0 | I10: =COUNTIFS('жами банкоматлар 2025'!$D:$D,$C10,'жами банкоматлар 2025'!$I:$I,"Humo",'жами банкоматлар 2025'!$G:$G,"GRG P5800") -> 0 | J10: =+E10+F10+G10+H10+I10 -> 0 | K10: =COUNTIFS('жами банкоматлар 2025'!$D:$D,$C10,'жами банкоматлар 2025'!$I:$I,"Way4",'жами банкоматлар 2025'!$G:$G,"NCR 6623") -> 0 | L10: =COUNTIFS('жами банкоматлар 2025'!$D:$D,$C10,'жами банкоматлар 2025'!$I:$I,"Way4",'жами банкоматлар 2025'!$G:$G,"NCR 6682") -> 0 | M10: =COUNTIFS('жами банкоматлар 2025'!$D:$D,$C10,'жами банкоматлар 2025'!$I:$I,"Way4",'жами банкоматлар 2025'!$G:$G,"CINEO C2070") -> 0 | N10: =COUNTIFS('жами банкоматлар 2025'!$D:$D,$C10,'жами банкоматлар 2025'!$I:$I,"Way4",'жами банкоматлар 2025'!$G:$G,"GRG P5800") -> 0 | O10: =+K10+L10+M10+N10 -> 0 | P10: =COUNTIFS('жами банкоматлар 2025'!$D:$D,$C10,'жами банкоматлар 2025'!$I:$I,"UzCard",'жами банкоматлар 2025'!$G:$G,"NCR 6622") -> 0 | Q10: =COUNTIFS('жами банкоматлар 2025'!$D:$D,$C10,'жами банкоматлар 2025'!$I:$I,"UzCard",'жами банкоматлар 2025'!$G:$G,"NCR 6623") -> 0 | R10: =COUNTIFS('жами банкоматлар 2025'!$D:$D,$C10,'жами банкоматлар 2025'!$I:$I,"UzCard",'жами банкоматлар 2025'!$G:$G,"NCR 6682") -> 0 | S10: =COUNTIFS('жами банкоматлар 2025'!$D:$D,$C10,'жами банкоматлар 2025'!$I:$I,"UzCard",'жами банкоматлар 2025'!$G:$G,"CINEO C2070") -> 0 | T10: =COUNTIFS('жами банкоматлар 2025'!$D:$D,$C10,'жами банкоматлар 2025'!$I:$I,"UzCard",'жами банкоматлар 2025'!$G:$G,"CINEO C4560") -> 0 | U10: =+P10+Q10+S10+T10 -> 0 | V10: =+U10+O10+J10 -> 0 | W10: 3 | X10: 394 | Y10: 386 | Z10: 1 | AA10: 1
A11: 9 | B11: 00494 | C11: 11082 | D11: Фарғона худудий БХО | E11: =COUNTIFS('жами банкоматлар 2025'!$D:$D,$C11,'жами банкоматлар 2025'!$I:$I,"Humo",'жами банкоматлар 2025'!$G:$G,"CINEO C2040") -> 0 | F11: =COUNTIFS('жами банкоматлар 2025'!$D:$D,$C11,'жами банкоматлар 2025'!$I:$I,"Humo",'жами банкоматлар 2025'!$G:$G,"CINEO C2070") -> 0 | G11: =COUNTIFS('жами банкоматлар 2025'!$D:$D,$C11,'жами банкоматлар 2025'!$I:$I,"Humo",'жами банкоматлар 2025'!$G:$G,"NCR 6623") -> 0 | H11: =COUNTIFS('жами банкоматлар 2025'!$D:$D,$C11,'жами банкоматлар 2025'!$I:$I,"Humo",'жами банкоматлар 2025'!$G:$G,"NCR 6682") -> 0 | I11: =COUNTIFS('жами банкоматлар 2025'!$D:$D,$C11,'жами банкоматлар 2025'!$I:$I,"Humo",'жами банкоматлар 2025'!$G:$G,"GRG P5800") -> 0 | J11: =+E11+F11+G11+H11+I11 -> 0 | K11: =COUNTIFS('жами банкоматлар 2025'!$D:$D,$C11,'жами банкоматлар 2025'!$I:$I,"Way4",'жами банкоматлар 2025'!$G:$G,"NCR 6623") -> 0 | L11: =COUNTIFS('жами банкоматлар 2025'!$D:$D,$C11,'жами банкоматлар 2025'!$I:$I,"Way4",'жами банкоматлар 2025'!$G:$G,"NCR 6682") -> 0 | M11: =COUNTIFS('жами банкоматлар 2025'!$D:$D,$C11,'жами банкоматлар 2025'!$I:$I,"Way4",'жами банкоматлар 2025'!$G:$G,"CINEO C2070") -> 0 | N11: =COUNTIFS('жами банкоматлар 2025'!$D:$D,$C11,'жами банкоматлар 2025'!$I:$I,"Way4",'жами банкоматлар 2025'!$G:$G,"GRG P5800") -> 0 | O11: =+K11+L11+M11+N11 -> 0 | P11: =COUNTIFS('жами банкоматлар 2025'!$D:$D,$C11,'жами банкоматлар 2025'!$I:$I,"UzCard",'жами банкоматлар 2025'!$G:$G,"NCR 6622") -> 0 | Q11: =COUNTIFS('жами банкоматлар 2025'!$D:$D,$C11,'жами банкоматлар 2025'!$I:$I,"UzCard",'жами банкоматлар 2025'!$G:$G,"NCR 6623") -> 0 | R11: =COUNTIFS('жами банкоматлар 2025'!$D:$D,$C11,'жами банкоматлар 2025'!$I:$I,"UzCard",'жами банкоматлар 2025'!$G:$G,"NCR 6682") -> 0 | S11: =COUNTIFS('жами банкоматлар 2025'!$D:$D,$C11,'жами банкоматлар 2025'!$I:$I,"UzCard",'жами банкоматлар 2025'!$G:$G,"CINEO C2070") -> 0 | T11: =COUNTIFS('жами банкоматлар 2025'!$D:$D,$C11,'жами банкоматлар 2025'!$I:$I,"UzCard",'жами банкоматлар 2025'!$G:$G,"CINEO C4560") -> 0 | U11: =+P11+Q11+S11+T11 -> 0 | V11: =+U11+O11+J11 -> 0 | W11: 7 | X11: 220 | Y11: 330 | Z11: 1 | AA11: 1
A12: 10 | B12: 00524 | C12: =VLOOKUP(B12,'жами банкоматлар 2025'!C:D,2,0) -> #N/A | D12: =VLOOKUP(B12,'жами банкоматлар 2025'!C:F,4,0) -> #N/A | E12: =COUNTIFS('жами банкоматлар 2025'!$D:$D,$C12,'жами банкоматлар 2025'!$I:$I,"Humo",'жами банкоматлар 2025'!$G:$G,"CINEO C2040") -> 0 | F12: =COUNTIFS('жами банкоматлар 2025'!$D:$D,$C12,'жами банкоматлар 2025'!$I:$I,"Humo",'жами банкоматлар 2025'!$G:$G,"CINEO C2070") -> 0 | G12: =COUNTIFS('жами банкоматлар 2025'!$D:$D,$C12,'жами банкоматлар 2025'!$I:$I,"Humo",'жами банкоматлар 2025'!$G:$G,"NCR 6623") -> 0 | H12: =COUNTIFS('жами банкоматлар 2025'!$D:$D,$C12,'жами банкоматлар 2025'!$I:$I,"Humo",'жами банкоматлар 2025'!$G:$G,"NCR 6682") -> 0 | I12: =COUNTIFS('жами банкоматлар 2025'!$D:$D,$C12,'жами банкоматлар 2025'!$I:$I,"Humo",'жами банкоматлар 2025'!$G:$G,"GRG P5800") -> 0 | J12: =+E12+F12+G12+H12+I12 -> 0 | K12: =COUNTIFS('жами банкоматлар 2025'!$D:$D,$C12,'жами банкоматлар 2025'!$I:$I,"Way4",'жами банкоматлар 2025'!$G:$G,"NCR 6623") -> 0 | L12: =COUNTIFS('жами банкоматлар 2025'!$D:$D,$C12,'жами банкоматлар 2025'!$I:$I,"Way4",'жами банкоматлар 2025'!$G:$G,"NCR 6682") -> 0 | M12: =COUNTIFS('жами банкоматлар 2025'!$D:$D,$C12,'жами банкоматлар 2025'!$I:$I,"Way4",'жами банкоматлар 2025'!$G:$G,"CINEO C2070") -> 0 | N12: =COUNTIFS('жами банкоматлар 2025'!$D:$D,$C12,'жами банкоматлар 2025'!$I:$I,"Way4",'жами банкоматлар 2025'!$G:$G,"GRG P5800") -> 0 | O12: =+K12+L12+M12+N12 -> 0 | P12: =COUNTIFS('жами банкоматлар 2025'!$D:$D,$C12,'жами банкоматлар 2025'!$I:$I,"UzCard",'жами банкоматлар 2025'!$G:$G,"NCR 6622") -> 0 | Q12: =COUNTIFS('жами банкоматлар 2025'!$D:$D,$C12,'жами банкоматлар 2025'!$I:$I,"UzCard",'жами банкоматлар 2025'!$G:$G,"NCR 6623") -> 0 | R12: =COUNTIFS('жами банкоматлар 2025'!$D:$D,$C12,'жами банкоматлар 2025'!$I:$I,"UzCard",'жами банкоматлар 2025'!$G:$G,"NCR 6682") -> 0 | S12: =COUNTIFS('жами банкоматлар 2025'!$D:$D,$C12,'жами банкоматлар 2025'!$I:$I,"UzCard",'жами банкоматлар 2025'!$G:$G,"CINEO C2070") -> 0 | T12: =COUNTIFS('жами банкоматлар 2025'!$D:$D,$C12,'жами банкоматлар 2025'!$I:$I,"UzCard",'жами банкоматлар 2025'!$G:$G,"CINEO C4560") -> 0 | U12: =+P12+Q12+S12+T12 -> 0 | V12: =+U12+O12+J12 -> 0 | W12: 2 | X12: 156 | Y12: 268 | Z12: 0 | AA12: 1
A13: 11 | B13: 00531 | C13: =VLOOKUP(B13,'жами банкоматлар 2025'!C:D,2,0) -> #N/A | D13: =VLOOKUP(B13,'жами банкоматлар 2025'!C:F,4,0) -> #N/A | E13: =COUNTIFS('жами банкоматлар 2025'!$D:$D,$C13,'жами банкоматлар 2025'!$I:$I,"Humo",'жами банкоматлар 2025'!$G:$G,"CINEO C2040") -> 0 | F13: =COUNTIFS('жами банкоматлар 2025'!$D:$D,$C13,'жами банкоматлар 2025'!$I:$I,"Humo",'жами банкоматлар 2025'!$G:$G,"CINEO C2070") -> 0 | G13: =COUNTIFS('жами банкоматлар 2025'!$D:$D,$C13,'жами банкоматлар 2025'!$I:$I,"Humo",'жами банкоматлар 2025'!$G:$G,"NCR 6623") -> 0 | H13: =COUNTIFS('жами банкоматлар 2025'!$D:$D,$C13,'жами банкоматлар 2025'!$I:$I,"Humo",'жами банкоматлар 2025'!$G:$G,"NCR 6682") -> 0 | I13: =COUNTIFS('жами банкоматлар 2025'!$D:$D,$C13,'жами банкоматлар 2025'!$I:$I,"Humo",'жами банкоматлар 2025'!$G:$G,"GRG P5800") -> 0 | J13: =+E13+F13+G13+H13+I13 -> 0 | K13: =COUNTIFS('жами банкоматлар 2025'!$D:$D,$C13,'жами банкоматлар 2025'!$I:$I,"Way4",'жами банкоматлар 2025'!$G:$G,"NCR 6623") -> 0 | L13: =COUNTIFS('жами банкоматлар 2025'!$D:$D,$C13,'жами банкоматлар 2025'!$I:$I,"Way4",'жами банкоматлар 2025'!$G:$G,"NCR 6682") -> 0 | M13: =COUNTIFS('жами банкоматлар 2025'!$D:$D,$C13,'жами банкоматлар 2025'!$I:$I,"Way4",'жами банкоматлар 2025'!$G:$G,"CINEO C2070") -> 0 | N13: =COUNTIFS('жами банкоматлар 2025'!$D:$D,$C13,'жами банкоматлар 2025'!$I:$I,"Way4",'жами банкоматлар 2025'!$G:$G,"GRG P5800") -> 0 | O13: =+K13+L13+M13+N13 -> 0 | P13: =COUNTIFS('жами банкоматлар 2025'!$D:$D,$C13,'жами банкоматлар 2025'!$I:$I,"UzCard",'жами банкоматлар 2025'!$G:$G,"NCR 6622") -> 0 | Q13: =COUNTIFS('жами банкоматлар 2025'!$D:$D,$C13,'жами банкоматлар 2025'!$I:$I,"UzCard",'жами банкоматлар 2025'!$G:$G,"NCR 6623") -> 0 | R13: =COUNTIFS('жами банкоматлар 2025'!$D:$D,$C13,'жами банкоматлар 2025'!$I:$I,"UzCard",'жами банкоматлар 2025'!$G:$G,"NCR 6682") -> 0 | S13: =COUNTIFS('жами банкоматлар 2025'!$D:$D,$C13,'жами банкоматлар 2025'!$I:$I,"UzCard",'жами банкоматлар 2025'!$G:$G,"CINEO C2070") -> 0 | T13: =COUNTIFS('жами банкоматлар 2025'!$D:$D,$C13,'жами банкоматлар 2025'!$I:$I,"UzCard",'жами банкоматлар 2025'!$G:$G,"CINEO C4560") -> 0 | U13: =+P13+Q13+S13+T13 -> 0 | V13: =+U13+O13+J13 -> 0 | W13: 6 | X13: 176 | Y13: 328 | Z13: 1 | AA13: 1
A14: 12 | B14: 00591 | C14: =VLOOKUP(B14,'жами банкоматлар 2025'!C:D,2,0) -> #N/A | D14: =VLOOKUP(B14,'жами банкоматлар 2025'!C:F,4,0) -> #N/A | E14: =COUNTIFS('жами банкоматлар 2025'!$D:$D,$C14,'жами банкоматлар 2025'!$I:$I,"Humo",'жами банкоматлар 2025'!$G:$G,"CINEO C2040") -> 0 | F14: =COUNTIFS('жами банкоматлар 2025'!$D:$D,$C14,'жами банкоматлар 2025'!$I:$I,"Humo",'жами банкоматлар 2025'!$G:$G,"CINEO C2070") -> 0 | G14: =COUNTIFS('жами банкоматлар 2025'!$D:$D,$C14,'жами банкоматлар 2025'!$I:$I,"Humo",'жами банкоматлар 2025'!$G:$G,"NCR 6623") -> 0 | H14: =COUNTIFS('жами банкоматлар 2025'!$D:$D,$C14,'жами банкоматлар 2025'!$I:$I,"Humo",'жами банкоматлар 2025'!$G:$G,"NCR 6682") -> 0 | I14: =COUNTIFS('жами банкоматлар 2025'!$D:$D,$C14,'жами банкоматлар 2025'!$I:$I,"Humo",'жами банкоматлар 2025'!$G:$G,"GRG P5800") -> 0 | J14: =+E14+F14+G14+H14+I14 -> 0 | K14: =COUNTIFS('жами банкоматлар 2025'!$D:$D,$C14,'жами банкоматлар 2025'!$I:$I,"Way4",'жами банкоматлар 2025'!$G:$G,"NCR 6623") -> 0 | L14: =COUNTIFS('жами банкоматлар 2025'!$D:$D,$C14,'жами банкоматлар 2025'!$I:$I,"Way4",'жами банкоматлар 2025'!$G:$G,"NCR 6682") -> 0 | M14: =COUNTIFS('жами банкоматлар 2025'!$D:$D,$C14,'жами банкоматлар 2025'!$I:$I,"Way4",'жами банкоматлар 2025'!$G:$G,"CINEO C2070") -> 0 | N14: =COUNTIFS('жами банкоматлар 2025'!$D:$D,$C14,'жами банкоматлар 2025'!$I:$I,"Way4",'жами банкоматлар 2025'!$G:$G,"GRG P5800") -> 0 | O14: =+K14+L14+M14+N14 -> 0 | P14: =COUNTIFS('жами банкоматлар 2025'!$D:$D,$C14,'жами банкоматлар 2025'!$I:$I,"UzCard",'жами банкоматлар 2025'!$G:$G,"NCR 6622") -> 0 | Q14: =COUNTIFS('жами банкоматлар 2025'!$D:$D,$C14,'жами банкоматлар 2025'!$I:$I,"UzCard",'жами банкоматлар 2025'!$G:$G,"NCR 6623") -> 0 | R14: =COUNTIFS('жами банкоматлар 2025'!$D:$D,$C14,'жами банкоматлар 2025'!$I:$I,"UzCard",'жами банкоматлар 2025'!$G:$G,"NCR 6682") -> 0 | S14: =COUNTIFS('жами банкоматлар 2025'!$D:$D,$C14,'жами банкоматлар 2025'!$I:$I,"UzCard",'жами банкоматлар 2025'!$G:$G,"CINEO C2070") -> 0 | T14: =COUNTIFS('жами банкоматлар 2025'!$D:$D,$C14,'жами банкоматлар 2025'!$I:$I,"UzCard",'жами банкоматлар 2025'!$G:$G,"CINEO C4560") -> 0 | U14: =+P14+Q14+S14+T14 -> 0 | V14: =+U14+O14+J14 -> 0 | W14: 3 | X14: 345 | Y14: 335 | Z14: 1 | AA14: 1
A15: 13 | B15: 00616 | C15: 10901 | D15: Тахиатош БХМ | E15: =COUNTIFS('жами банкоматлар 2025'!$D:$D,$C15,'жами банкоматлар 2025'!$I:$I,"Humo",'жами банкоматлар 2025'!$G:$G,"CINEO C2040") -> 0 | F15: =COUNTIFS('жами банкоматлар 2025'!$D:$D,$C15,'жами банкоматлар 2025'!$I:$I,"Humo",'жами банкоматлар 2025'!$G:$G,"CINEO C2070") -> 0 | G15: =COUNTIFS('жами банкоматлар 2025'!$D:$D,$C15,'жами банкоматлар 2025'!$I:$I,"Humo",'жами банкоматлар 2025'!$G:$G,"NCR 6623") -> 0 | H15: =COUNTIFS('жами банкоматлар 2025'!$D:$D,$C15,'жами банкоматлар 2025'!$I:$I,"Humo",'жами банкоматлар 2025'!$G:$G,"NCR 6682") -> 0 | I15: =COUNTIFS('жами банкоматлар 2025'!$D:$D,$C15,'жами банкоматлар 2025'!$I:$I,"Humo",'жами банкоматлар 2025'!$G:$G,"GRG P5800") -> 0 | J15: =+E15+F15+G15+H15+I15 -> 0 | K15: =COUNTIFS('жами банкоматлар 2025'!$D:$D,$C15,'жами банкоматлар 2025'!$I:$I,"Way4",'жами банкоматлар 2025'!$G:$G,"NCR 6623") -> 0 | L15: =COUNTIFS('жами банкоматлар 2025'!$D:$D,$C15,'жами банкоматлар 2025'!$I:$I,"Way4",'жами банкоматлар 2025'!$G:$G,"NCR 6682") -> 0 | M15: =COUNTIFS('жами банкоматлар 2025'!$D:$D,$C15,'жами банкоматлар 2025'!$I:$I,"Way4",'жами банкоматлар 2025'!$G:$G,"CINEO C2070") -> 0 | N15: =COUNTIFS('жами банкоматлар 2025'!$D:$D,$C15,'жами банкоматлар 2025'!$I:$I,"Way4",'жами банкоматлар 2025'!$G:$G,"GRG P5800") -> 0 | O15: =+K15+L15+M15+N15 -> 0 | P15: =COUNTIFS('жами банкоматлар 2025'!$D:$D,$C15,'жами банкоматлар 2025'!$I:$I,"UzCard",'жами банкоматлар 2025'!$G:$G,"NCR 6622") -> 0 | Q15: =COUNTIFS('жами банкоматлар 2025'!$D:$D,$C15,'жами банкоматлар 2025'!$I:$I,"UzCard",'жами банкоматлар 2025'!$G:$G,"NCR 6623") -> 0 | R15: =COUNTIFS('жами банкоматлар 2025'!$D:$D,$C15,'жами банкоматлар 2025'!$I:$I,"UzCard",'жами банкоматлар 2025'!$G:$G,"NCR 6682") -> 0 | S15: =COUNTIFS('жами банкоматлар 2025'!$D:$D,$C15,'жами банкоматлар 2025'!$I:$I,"UzCard",'жами банкоматлар 2025'!$G:$G,"CINEO C2070") -> 0 | T15: =COUNTIFS('жами банкоматлар 2025'!$D:$D,$C15,'жами банкоматлар 2025'!$I:$I,"UzCard",'жами банкоматлар 2025'!$G:$G,"CINEO C4560") -> 0 | U15: =+P15+Q15+S15+T15 -> 0 | V15: =+U15+O15+J15 -> 0 | W15: 4 | X15: 351 | Y15: 319 | Z15: 1 | AA15: 1
A16: 14 | B16: 00853 | C16: =VLOOKUP(B16,'жами банкоматлар 2025'!C:D,2,0) -> #N/A | D16: =VLOOKUP(B16,'жами банкоматлар 2025'!C:F,4,0) -> #N/A | E16: =COUNTIFS('жами банкоматлар 2025'!$D:$D,$C16,'жами банкоматлар 2025'!$I:$I,"Humo",'жами банкоматлар 2025'!$G:$G,"CINEO C2040") -> 0 | F16: =COUNTIFS('жами банкоматлар 2025'!$D:$D,$C16,'жами банкоматлар 2025'!$I:$I,"Humo",'жами банкоматлар 2025'!$G:$G,"CINEO C2070") -> 0 | G16: =COUNTIFS('жами банкоматлар 2025'!$D:$D,$C16,'жами банкоматлар 2025'!$I:$I,"Humo",'жами банкоматлар 2025'!$G:$G,"NCR 6623") -> 0 | H16: =COUNTIFS('жами банкоматлар 2025'!$D:$D,$C16,'жами банкоматлар 2025'!$I:$I,"Humo",'жами банкоматлар 2025'!$G:$G,"NCR 6682") -> 0 | I16: =COUNTIFS('жами банкоматлар 2025'!$D:$D,$C16,'жами банкоматлар 2025'!$I:$I,"Humo",'жами банкоматлар 2025'!$G:$G,"GRG P5800") -> 0 | J16: =+E16+F16+G16+H16+I16 -> 0 | K16: =COUNTIFS('жами банкоматлар 2025'!$D:$D,$C16,'жами банкоматлар 2025'!$I:$I,"Way4",'жами банкоматлар 2025'!$G:$G,"NCR 6623") -> 0 | L16: =COUNTIFS('жами банкоматлар 2025'!$D:$D,$C16,'жами банкоматлар 2025'!$I:$I,"Way4",'жами банкоматлар 2025'!$G:$G,"NCR 6682") -> 0 | M16: =COUNTIFS('жами банкоматлар 2025'!$D:$D,$C16,'жами банкоматлар 2025'!$I:$I,"Way4",'жами банкоматлар 2025'!$G:$G,"CINEO C2070") -> 0 | N16: =COUNTIFS('жами банкоматлар 2025'!$D:$D,$C16,'жами банкоматлар 2025'!$I:$I,"Way4",'жами банкоматлар 2025'!$G:$G,"GRG P5800") -> 0 | O16: =+K16+L16+M16+N16 -> 0 | P16: =COUNTIFS('жами банкоматлар 2025'!$D:$D,$C16,'жами банкоматлар 2025'!$I:$I,"UzCard",'жами банкоматлар 2025'!$G:$G,"NCR 6622") -> 0 | Q16: =COUNTIFS('жами банкоматлар 2025'!$D:$D,$C16,'жами банкоматлар 2025'!$I:$I,"UzCard",'жами банкоматлар 2025'!$G:$G,"NCR 6623") -> 0 | R16: =COUNTIFS('жами банкоматлар 2025'!$D:$D,$C16,'жами банкоматлар 2025'!$I:$I,"UzCard",'жами банкоматлар 2025'!$G:$G,"NCR 6682") -> 0 | S16: =COUNTIFS('жами банкоматлар 2025'!$D:$D,$C16,'жами банкоматлар 2025'!$I:$I,"UzCard",'жами банкоматлар 2025'!$G:$G,"CINEO C2070") -> 0 | T16: =COUNTIFS('жами банкоматлар 2025'!$D:$D,$C16,'жами банкоматлар 2025'!$I:$I,"UzCard",'жами банкоматлар 2025'!$G:$G,"CINEO C4560") -> 0 | U16: =+P16+Q16+S16+T16 -> 0 | V16: =+U16+O16+J16 -> 0 | W16: 1 | X16: 498 | Y16: 619 | Z16: 1 | AA16: 1
A17: 15 | B17: 00854 | C17: =VLOOKUP(B17,'жами банкоматлар 2025'!C:D,2,0) -> #N/A | D17: =VLOOKUP(B17,'жами банкоматлар 2025'!C:F,4,0) -> #N/A | E17: =COUNTIFS('жами банкоматлар 2025'!$D:$D,$C17,'жами банкоматлар 2025'!$I:$I,"Humo",'жами банкоматлар 2025'!$G:$G,"CINEO C2040") -> 0 | F17: =COUNTIFS('жами банкоматлар 2025'!$D:$D,$C17,'жами банкоматлар 2025'!$I:$I,"Humo",'жами банкоматлар 2025'!$G:$G,"CINEO C2070") -> 0 | G17: =COUNTIFS('жами банкоматлар 2025'!$D:$D,$C17,'жами банкоматлар 2025'!$I:$I,"Humo",'жами банкоматлар 2025'!$G:$G,"NCR 6623") -> 0 | H17: =COUNTIFS('жами банкоматлар 2025'!$D:$D,$C17,'жами банкоматлар 2025'!$I:$I,"Humo",'жами банкоматлар 2025'!$G:$G,"NCR 6682") -> 0 | I17: =COUNTIFS('жами банкоматлар 2025'!$D:$D,$C17,'жами банкоматлар 2025'!$I:$I,"Humo",'жами банкоматлар 2025'!$G:$G,"GRG P5800") -> 0 | J17: =+E17+F17+G17+H17+I17 -> 0 | K17: =COUNTIFS('жами банкоматлар 2025'!$D:$D,$C17,'жами банкоматлар 2025'!$I:$I,"Way4",'жами банкоматлар 2025'!$G:$G,"NCR 6623") -> 0 | L17: =COUNTIFS('жами банкоматлар 2025'!$D:$D,$C17,'жами банкоматлар 2025'!$I:$I,"Way4",'жами банкоматлар 2025'!$G:$G,"NCR 6682") -> 0 | M17: =COUNTIFS('жами банкоматлар 2025'!$D:$D,$C17,'жами банкоматлар 2025'!$I:$I,"Way4",'жами банкоматлар 2025'!$G:$G,"CINEO C2070") -> 0 | N17: =COUNTIFS('жами банкоматлар 2025'!$D:$D,$C17,'жами банкоматлар 2025'!$I:$I,"Way4",'жами банкоматлар 2025'!$G:$G,"GRG P5800") -> 0 | O17: =+K17+L17+M17+N17 -> 0 | P17: =COUNTIFS('жами банкоматлар 2025'!$D:$D,$C17,'жами банкоматлар 2025'!$I:$I,"UzCard",'жами банкоматлар 2025'!$G:$G,"NCR 6622") -> 0 | Q17: =COUNTIFS('жами банкоматлар 2025'!$D:$D,$C17,'жами банкоматлар 2025'!$I:$I,"UzCard",'жами банкоматлар 2025'!$G:$G,"NCR 6623") -> 0 | R17: =COUNTIFS('жами банкоматлар 2025'!$D:$D,$C17,'жами банкоматлар 2025'!$I:$I,"UzCard",'жами банкоматлар 2025'!$G:$G,"NCR 6682") -> 0 | S17: =COUNTIFS('жами банкоматлар 2025'!$D:$D,$C17,'жами банкоматлар 2025'!$I:$I,"UzCard",'жами банкоматлар 2025'!$G:$G,"CINEO C2070") -> 0 | T17: =COUNTIFS('жами банкоматлар 2025'!$D:$D,$C17,'жами банкоматлар 2025'!$I:$I,"UzCard",'жами банкоматлар 2025'!$G:$G,"CINEO C4560") -> 0 | U17: =+P17+Q17+S17+T17 -> 0 | V17: =+U17+O17+J17 -> 0 | W17: 8 | X17: 348 | Y17: 809 | Z17: 1 | AA17: 1
A18: 16 | B18: 00854 | C18: 10785 | D18: Карши БХМ | E18: =COUNTIFS('жами банкоматлар 2025'!$D:$D,$C18,'жами банкоматлар 2025'!$I:$I,"Humo",'жами банкоматлар 2025'!$G:$G,"CINEO C2040") -> 0 | F18: =COUNTIFS('жами банкоматлар 2025'!$D:$D,$C18,'жами банкоматлар 2025'!$I:$I,"Humo",'жами банкоматлар 2025'!$G:$G,"CINEO C2070") -> 0 | G18: =COUNTIFS('жами банкоматлар 2025'!$D:$D,$C18,'жами банкоматлар 2025'!$I:$I,"Humo",'жами банкоматлар 2025'!$G:$G,"NCR 6623") -> 0 | H18: =COUNTIFS('жами банкоматлар 2025'!$D:$D,$C18,'жами банкоматлар 2025'!$I:$I,"Humo",'жами банкоматлар 2025'!$G:$G,"NCR 6682") -> 0 | I18: =COUNTIFS('жами банкоматлар 2025'!$D:$D,$C18,'жами банкоматлар 2025'!$I:$I,"Humo",'жами банкоматлар 2025'!$G:$G,"GRG P5800") -> 0 | J18: =+E18+F18+G18+H18+I18 -> 0 | K18: =COUNTIFS('жами банкоматлар 2025'!$D:$D,$C18,'жами банкоматлар 2025'!$I:$I,"Way4",'жами банкоматлар 2025'!$G:$G,"NCR 6623") -> 0 | L18: =COUNTIFS('жами банкоматлар 2025'!$D:$D,$C18,'жами банкоматлар 2025'!$I:$I,"Way4",'жами банкоматлар 2025'!$G:$G,"NCR 6682") -> 0 | M18: =COUNTIFS('жами банкоматлар 2025'!$D:$D,$C18,'жами банкоматлар 2025'!$I:$I,"Way4",'жами банкоматлар 2025'!$G:$G,"CINEO C2070") -> 0 | N18: =COUNTIFS('жами банкоматлар 2025'!$D:$D,$C18,'жами банкоматлар 2025'!$I:$I,"Way4",'жами банкоматлар 2025'!$G:$G,"GRG P5800") -> 0 | O18: =+K18+L18+M18+N18 -> 0 | P18: =COUNTIFS('жами банкоматлар 2025'!$D:$D,$C18,'жами банкоматлар 2025'!$I:$I,"UzCard",'жами банкоматлар 2025'!$G:$G,"NCR 6622") -> 0 | Q18: =COUNTIFS('жами банкоматлар 2025'!$D:$D,$C18,'жами банкоматлар 2025'!$I:$I,"UzCard",'жами банкоматлар 2025'!$G:$G,"NCR 6623") -> 0 | R18: =COUNTIFS('жами банкоматлар 2025'!$D:$D,$C18,'жами банкоматлар 2025'!$I:$I,"UzCard",'жами банкоматлар 2025'!$G:$G,"NCR 6682") -> 0 | S18: =COUNTIFS('жами банкоматлар 2025'!$D:$D,$C18,'жами банкоматлар 2025'!$I:$I,"UzCard",'жами банкоматлар 2025'!$G:$G,"CINEO C2070") -> 0 | T18: =COUNTIFS('жами банкоматлар 2025'!$D:$D,$C18,'жами банкоматлар 2025'!$I:$I,"UzCard",'жами банкоматлар 2025'!$G:$G,"CINEO C4560") -> 0 | U18: =+P18+Q18+S18+T18 -> 0 | V18: =+U18+O18+J18 -> 0 | W18: 0 | X18: 0 | Y18: 0 | Z18: 0 | AA18: 0
A19: 17 | B19: 00854 | C19: 10740 | D19: Шахрисабз БХМ | E19: =COUNTIFS('жами банкоматлар 2025'!$D:$D,$C19,'жами банкоматлар 2025'!$I:$I,"Humo",'жами банкоматлар 2025'!$G:$G,"CINEO C2040") -> 0 | F19: =COUNTIFS('жами банкоматлар 2025'!$D:$D,$C19,'жами банкоматлар 2025'!$I:$I,"Humo",'жами банкоматлар 2025'!$G:$G,"CINEO C2070") -> 0 | G19: =COUNTIFS('жами банкоматлар 2025'!$D:$D,$C19,'жами банкоматлар 2025'!$I:$I,"Humo",'жами банкоматлар 2025'!$G:$G,"NCR 6623") -> 0 | H19: =COUNTIFS('жами банкоматлар 2025'!$D:$D,$C19,'жами банкоматлар 2025'!$I:$I,"Humo",'жами банкоматлар 2025'!$G:$G,"NCR 6682") -> 0 | I19: =COUNTIFS('жами банкоматлар 2025'!$D:$D,$C19,'жами банкоматлар 2025'!$I:$I,"Humo",'жами банкоматлар 2025'!$G:$G,"GRG P5800") -> 0 | J19: =+E19+F19+G19+H19+I19 -> 0 | K19: =COUNTIFS('жами банкоматлар 2025'!$D:$D,$C19,'жами банкоматлар 2025'!$I:$I,"Way4",'жами банкоматлар 2025'!$G:$G,"NCR 6623") -> 0 | L19: =COUNTIFS('жами банкоматлар 2025'!$D:$D,$C19,'жами банкоматлар 2025'!$I:$I,"Way4",'жами банкоматлар 2025'!$G:$G,"NCR 6682") -> 0 | M19: =COUNTIFS('жами банкоматлар 2025'!$D:$D,$C19,'жами банкоматлар 2025'!$I:$I,"Way4",'жами банкоматлар 2025'!$G:$G,"CINEO C2070") -> 0 | N19: =COUNTIFS('жами банкоматлар 2025'!$D:$D,$C19,'жами банкоматлар 2025'!$I:$I,"Way4",'жами банкоматлар 2025'!$G:$G,"GRG P5800") -> 0 | O19: =+K19+L19+M19+N19 -> 0 | P19: =COUNTIFS('жами банкоматлар 2025'!$D:$D,$C19,'жами банкоматлар 2025'!$I:$I,"UzCard",'жами банкоматлар 2025'!$G:$G,"NCR 6622") -> 0 | Q19: =COUNTIFS('жами банкоматлар 2025'!$D:$D,$C19,'жами банкоматлар 2025'!$I:$I,"UzCard",'жами банкоматлар 2025'!$G:$G,"NCR 6623") -> 0 | R19: =COUNTIFS('жами банкоматлар 2025'!$D:$D,$C19,'жами банкоматлар 2025'!$I:$I,"UzCard",'жами банкоматлар 2025'!$G:$G,"NCR 6682") -> 0 | S19: =COUNTIFS('жами банкоматлар 2025'!$D:$D,$C19,'жами банкоматлар 2025'!$I:$I,"UzCard",'жами банкоматлар 2025'!$G:$G,"CINEO C2070") -> 0 | T19: =COUNTIFS('жами банкоматлар 2025'!$D:$D,$C19,'жами банкоматлар 2025'!$I:$I,"UzCard",'жами банкоматлар 2025'!$G:$G,"CINEO C4560") -> 0 | U19: =+P19+Q19+S19+T19 -> 0 | V19: =+U19+O19+J19 -> 0 | W19: 0 | X19: 0 | Y19: 0 | Z19: 0 | AA19: 0
A20: 18 | B20: 00854 | C20: 10741 | D20: Косон БХМ | E20: =COUNTIFS('жами банкоматлар 2025'!$D:$D,$C20,'жами банкоматлар 2025'!$I:$I,"Humo",'жами банкоматлар 2025'!$G:$G,"CINEO C2040") -> 0 | F20: =COUNTIFS('жами банкоматлар 2025'!$D:$D,$C20,'жами банкоматлар 2025'!$I:$I,"Humo",'жами банкоматлар 2025'!$G:$G,"CINEO C2070") -> 0 | G20: =COUNTIFS('жами банкоматлар 2025'!$D:$D,$C20,'жами банкоматлар 2025'!$I:$I,"Humo",'жами банкоматлар 2025'!$G:$G,"NCR 6623") -> 0 | H20: =COUNTIFS('жами банкоматлар 2025'!$D:$D,$C20,'жами банкоматлар 2025'!$I:$I,"Humo",'жами банкоматлар 2025'!$G:$G,"NCR 6682") -> 0 | I20: =COUNTIFS('жами банкоматлар 2025'!$D:$D,$C20,'жами банкоматлар 2025'!$I:$I,"Humo",'жами банкоматлар 2025'!$G:$G,"GRG P5800") -> 0 | J20: =+E20+F20+G20+H20+I20 -> 0 | K20: =COUNTIFS('жами банкоматлар 2025'!$D:$D,$C20,'жами банкоматлар 2025'!$I:$I,"Way4",'жами банкоматлар 2025'!$G:$G,"NCR 6623") -> 0 | L20: =COUNTIFS('жами банкоматлар 2025'!$D:$D,$C20,'жами банкоматлар 2025'!$I:$I,"Way4",'жами банкоматлар 2025'!$G:$G,"NCR 6682") -> 0 | M20: =COUNTIFS('жами банкоматлар 2025'!$D:$D,$C20,'жами банкоматлар 2025'!$I:$I,"Way4",'жами банкоматлар 2025'!$G:$G,"CINEO C2070") -> 0 | N20: =COUNTIFS('жами банкоматлар 2025'!$D:$D,$C20,'жами банкоматлар 2025'!$I:$I,"Way4",'жами банкоматлар 2025'!$G:$G,"GRG P5800") -> 0 | O20: =+K20+L20+M20+N20 -> 0 | P20: =COUNTIFS('жами банкоматлар 2025'!$D:$D,$C20,'жами банкоматлар 2025'!$I:$I,"UzCard",'жами банкоматлар 2025'!$G:$G,"NCR 6622") -> 0 | Q20: =COUNTIFS('жами банкоматлар 2025'!$D:$D,$C20,'жами банкоматлар 2025'!$I:$I,"UzCard",'жами банкоматлар 2025'!$G:$G,"NCR 6623") -> 0 | R20: =COUNTIFS('жами банкоматлар 2025'!$D:$D,$C20,'жами банкоматлар 2025'!$I:$I,"UzCard",'жами банкоматлар 2025'!$G:$G,"NCR 6682") -> 0 | S20: =COUNTIFS('жами банкоматлар 2025'!$D:$D,$C20,'жами банкоматлар 2025'!$I:$I,"UzCard",'жами банкоматлар 2025'!$G:$G,"CINEO C2070") -> 0 | T20: =COUNTIFS('жами банкоматлар 2025'!$D:$D,$C20,'жами банкоматлар 2025'!$I:$I,"UzCard",'жами банкоматлар 2025'!$G:$G,"CINEO C4560") -> 0 | U20: =+P20+Q20+S20+T20 -> 0 | V20: =+U20+O20+J20 -> 0 | W20: 0 | X20: 0 | Y20: 0 | Z20: 0 | AA20: 0
A21: 19 | B21: 00186 | C21: =VLOOKUP(B21,'жами банкоматлар 2025'!C:D,2,0) -> #N/A | D21: =VLOOKUP(B21,'жами банкоматлар 2025'!C:F,4,0) -> #N/A | E21: =COUNTIFS('жами банкоматлар 2025'!$D:$D,$C21,'жами банкоматлар 2025'!$I:$I,"Humo",'жами банкоматлар 2025'!$G:$G,"CINEO C2040") -> 0 | F21: =COUNTIFS('жами банкоматлар 2025'!$D:$D,$C21,'жами банкоматлар 2025'!$I:$I,"Humo",'жами банкоматлар 2025'!$G:$G,"CINEO C2070") -> 0 | G21: =COUNTIFS('жами банкоматлар 2025'!$D:$D,$C21,'жами банкоматлар 2025'!$I:$I,"Humo",'жами банкоматлар 2025'!$G:$G,"NCR 6623") -> 0 | H21: =COUNTIFS('жами банкоматлар 2025'!$D:$D,$C21,'жами банкоматлар 2025'!$I:$I,"Humo",'жами банкоматлар 2025'!$G:$G,"NCR 6682") -> 0 | I21: =COUNTIFS('жами банкоматлар 2025'!$D:$D,$C21,'жами банкоматлар 2025'!$I:$I,"Humo",'жами банкоматлар 2025'!$G:$G,"GRG P5800") -> 0 | J21: =+E21+F21+G21+H21+I21 -> 0 | K21: =COUNTIFS('жами банкоматлар 2025'!$D:$D,$C21,'жами банкоматлар 2025'!$I:$I,"Way4",'жами банкоматлар 2025'!$G:$G,"NCR 6623") -> 0 | L21: =COUNTIFS('жами банкоматлар 2025'!$D:$D,$C21,'жами банкоматлар 2025'!$I:$I,"Way4",'жами банкоматлар 2025'!$G:$G,"NCR 6682") -> 0 | M21: =COUNTIFS('жами банкоматлар 2025'!$D:$D,$C21,'жами банкоматлар 2025'!$I:$I,"Way4",'жами банкоматлар 2025'!$G:$G,"CINEO C2070") -> 0 | N21: =COUNTIFS('жами банкоматлар 2025'!$D:$D,$C21,'жами банкоматлар 2025'!$I:$I,"Way4",'жами банкоматлар 2025'!$G:$G,"GRG P5800") -> 0 | O21: =+K21+L21+M21+N21 -> 0 | P21: =COUNTIFS('жами банкоматлар 2025'!$D:$D,$C21,'жами банкоматлар 2025'!$I:$I,"UzCard",'жами банкоматлар 2025'!$G:$G,"NCR 6622") -> 0 | Q21: =COUNTIFS('жами банкоматлар 2025'!$D:$D,$C21,'жами банкоматлар 2025'!$I:$I,"UzCard",'жами банкоматлар 2025'!$G:$G,"NCR 6623") -> 0 | R21: =COUNTIFS('жами банкоматлар 2025'!$D:$D,$C21,'жами банкоматлар 2025'!$I:$I,"UzCard",'жами банкоматлар 2025'!$G:$G,"NCR 6682") -> 0 | S21: =COUNTIFS('жами банкоматлар 2025'!$D:$D,$C21,'жами банкоматлар 2025'!$I:$I,"UzCard",'жами банкоматлар 2025'!$G:$G,"CINEO C2070") -> 0 | T21: =COUNTIFS('жами банкоматлар 2025'!$D:$D,$C21,'жами банкоматлар 2025'!$I:$I,"UzCard",'жами банкоматлар 2025'!$G:$G,"CINEO C4560") -> 0 | U21: =+P21+Q21+S21+T21 -> 0 | V21: =+U21+O21+J21 -> 0 | W21: 4 | X21: 198 | Y21: 234 | Z21: 1 | AA21: 1
A22: 20 | B22: 00855 | C22: =VLOOKUP(B22,'жами банкоматлар 2025'!C:D,2,0) -> #N/A | D22: =VLOOKUP(B22,'жами банкоматлар 2025'!C:F,4,0) -> #N/A | E22: =COUNTIFS('жами банкоматлар 2025'!$D:$D,$C22,'жами банкоматлар 2025'!$I:$I,"Humo",'жами банкоматлар 2025'!$G:$G,"CINEO C2040") -> 0 | F22: =COUNTIFS('жами банкоматлар 2025'!$D:$D,$C22,'жами банкоматлар 2025'!$I:$I,"Humo",'жами банкоматлар 2025'!$G:$G,"CINEO C2070") -> 0 | G22: =COUNTIFS('жами банкоматлар 2025'!$D:$D,$C22,'жами банкоматлар 2025'!$I:$I,"Humo",'жами банкоматлар 2025'!$G:$G,"NCR 6623") -> 0 | H22: =COUNTIFS('жами банкоматлар 2025'!$D:$D,$C22,'жами банкоматлар 2025'!$I:$I,"Humo",'жами банкоматлар 2025'!$G:$G,"NCR 6682") -> 0 | I22: =COUNTIFS('жами банкоматлар 2025'!$D:$D,$C22,'жами банкоматлар 2025'!$I:$I,"Humo",'жами банкоматлар 2025'!$G:$G,"GRG P5800") -> 0 | J22: =+E22+F22+G22+H22+I22 -> 0 | K22: =COUNTIFS('жами банкоматлар 2025'!$D:$D,$C22,'жами банкоматлар 2025'!$I:$I,"Way4",'жами банкоматлар 2025'!$G:$G,"NCR 6623") -> 0 | L22: =COUNTIFS('жами банкоматлар 2025'!$D:$D,$C22,'жами банкоматлар 2025'!$I:$I,"Way4",'жами банкоматлар 2025'!$G:$G,"NCR 6682") -> 0 | M22: =COUNTIFS('жами банкоматлар 2025'!$D:$D,$C22,'жами банкоматлар 2025'!$I:$I,"Way4",'жами банкоматлар 2025'!$G:$G,"CINEO C2070") -> 0 | N22: =COUNTIFS('жами банкоматлар 2025'!$D:$D,$C22,'жами банкоматлар 2025'!$I:$I,"Way4",'жами банкоматлар 2025'!$G:$G,"GRG P5800") -> 0 | O22: =+K22+L22+M22+N22 -> 0 | P22: =COUNTIFS('жами банкоматлар 2025'!$D:$D,$C22,'жами банкоматлар 2025'!$I:$I,"UzCard",'жами банкоматлар 2025'!$G:$G,"NCR 6622") -> 0 | Q22: =COUNTIFS('жами банкоматлар 2025'!$D:$D,$C22,'жами банкоматлар 2025'!$I:$I,"UzCard",'жами банкоматлар 2025'!$G:$G,"NCR 6623") -> 0 | R22: =COUNTIFS('жами банкоматлар 2025'!$D:$D,$C22,'жами банкоматлар 2025'!$I:$I,"UzCard",'жами банкоматлар 2025'!$G:$G,"NCR 6682") -> 0 | S22: =COUNTIFS('жами банкоматлар 2025'!$D:$D,$C22,'жами банкоматлар 2025'!$I:$I,"UzCard",'жами банкоматлар 2025'!$G:$G,"CINEO C2070") -> 0 | T22: =COUNTIFS('жами банкоматлар 2025'!$D:$D,$C22,'жами банкоматлар 2025'!$I:$I,"UzCard",'жами банкоматлар 2025'!$G:$G,"CINEO C4560") -> 0 | U22: =+P22+Q22+S22+T22 -> 0 | V22: =+U22+O22+J22 -> 0 | W22: 3 | X22: 443 | Y22: 492 | Z22: 1 | AA22: 1
A23: 21 | B23: 00862 | C23: 10853 | D23: Тўқимачилик БХМ | E23: =COUNTIFS('жами банкоматлар 2025'!$D:$D,$C23,'жами банкоматлар 2025'!$I:$I,"Humo",'жами банкоматлар 2025'!$G:$G,"CINEO C2040") -> 0 | F23: =COUNTIFS('жами банкоматлар 2025'!$D:$D,$C23,'жами банкоматлар 2025'!$I:$I,"Humo",'жами банкоматлар 2025'!$G:$G,"CINEO C2070") -> 0 | G23: =COUNTIFS('жами банкоматлар 2025'!$D:$D,$C23,'жами банкоматлар 2025'!$I:$I,"Humo",'жами банкоматлар 2025'!$G:$G,"NCR 6623") -> 0 | H23: =COUNTIFS('жами банкоматлар 2025'!$D:$D,$C23,'жами банкоматлар 2025'!$I:$I,"Humo",'жами банкоматлар 2025'!$G:$G,"NCR 6682") -> 0 | I23: =COUNTIFS('жами банкоматлар 2025'!$D:$D,$C23,'жами банкоматлар 2025'!$I:$I,"Humo",'жами банкоматлар 2025'!$G:$G,"GRG P5800") -> 0 | J23: =+E23+F23+G23+H23+I23 -> 0 | K23: =COUNTIFS('жами банкоматлар 2025'!$D:$D,$C23,'жами банкоматлар 2025'!$I:$I,"Way4",'жами банкоматлар 2025'!$G:$G,"NCR 6623") -> 0 | L23: =COUNTIFS('жами банкоматлар 2025'!$D:$D,$C23,'жами банкоматлар 2025'!$I:$I,"Way4",'жами банкоматлар 2025'!$G:$G,"NCR 6682") -> 0 | M23: =COUNTIFS('жами банкоматлар 2025'!$D:$D,$C23,'жами банкоматлар 2025'!$I:$I,"Way4",'жами банкоматлар 2025'!$G:$G,"CINEO C2070") -> 0 | N23: =COUNTIFS('жами банкоматлар 2025'!$D:$D,$C23,'жами банкоматлар 2025'!$I:$I,"Way4",'жами банкоматлар 2025'!$G:$G,"GRG P5800") -> 0 | O23: =+K23+L23+M23+N23 -> 0 | P23: =COUNTIFS('жами банкоматлар 2025'!$D:$D,$C23,'жами банкоматлар 2025'!$I:$I,"UzCard",'жами банкоматлар 2025'!$G:$G,"NCR 6622") -> 0 | Q23: =COUNTIFS('жами банкоматлар 2025'!$D:$D,$C23,'жами банкоматлар 2025'!$I:$I,"UzCard",'жами банкоматлар 2025'!$G:$G,"NCR 6623") -> 0 | R23: =COUNTIFS('жами банкоматлар 2025'!$D:$D,$C23,'жами банкоматлар 2025'!$I:$I,"UzCard",'жами банкоматлар 2025'!$G:$G,"NCR 6682") -> 0 | S23: =COUNTIFS('жами банкоматлар 2025'!$D:$D,$C23,'жами банкоматлар 2025'!$I:$I,"UzCard",'жами банкоматлар 2025'!$G:$G,"CINEO C2070") -> 0 | T23: =COUNTIFS('жами банкоматлар 2025'!$D:$D,$C23,'жами банкоматлар 2025'!$I:$I,"UzCard",'жами банкоматлар 2025'!$G:$G,"CINEO C4560") -> 0 | U23: =+P23+Q23+S23+T23 -> 0 | V23: =+U23+O23+J23 -> 0 | W23: 2 | X23: 466 | Y23: 369 | Z23: 0 | AA23: 1
A24: 22 | B24: 00863 | C24: =VLOOKUP(B24,'жами банкоматлар 2025'!C:D,2,0) -> #N/A | D24: =VLOOKUP(B24,'жами банкоматлар 2025'!C:F,4,0) -> #N/A | E24: =COUNTIFS('жами банкоматлар 2025'!$D:$D,$C24,'жами банкоматлар 2025'!$I:$I,"Humo",'жами банкоматлар 2025'!$G:$G,"CINEO C2040") -> 0 | F24: =COUNTIFS('жами банкоматлар 2025'!$D:$D,$C24,'жами банкоматлар 2025'!$I:$I,"Humo",'жами банкоматлар 2025'!$G:$G,"CINEO C2070") -> 0 | G24: =COUNTIFS('жами банкоматлар 2025'!$D:$D,$C24,'жами банкоматлар 2025'!$I:$I,"Humo",'жами банкоматлар 2025'!$G:$G,"NCR 6623") -> 0 | H24: =COUNTIFS('жами банкоматлар 2025'!$D:$D,$C24,'жами банкоматлар 2025'!$I:$I,"Humo",'жами банкоматлар 2025'!$G:$G,"NCR 6682") -> 0 | I24: =COUNTIFS('жами банкоматлар 2025'!$D:$D,$C24,'жами банкоматлар 2025'!$I:$I,"Humo",'жами банкоматлар 2025'!$G:$G,"GRG P5800") -> 0 | J24: =+E24+F24+G24+H24+I24 -> 0 | K24: =COUNTIFS('жами банкоматлар 2025'!$D:$D,$C24,'жами банкоматлар 2025'!$I:$I,"Way4",'жами банкоматлар 2025'!$G:$G,"NCR 6623") -> 0 | L24: =COUNTIFS('жами банкоматлар 2025'!$D:$D,$C24,'жами банкоматлар 2025'!$I:$I,"Way4",'жами банкоматлар 2025'!$G:$G,"NCR 6682") -> 0 | M24: =COUNTIFS('жами банкоматлар 2025'!$D:$D,$C24,'жами банкоматлар 2025'!$I:$I,"Way4",'жами банкоматлар 2025'!$G:$G,"CINEO C2070") -> 0 | N24: =COUNTIFS('жами банкоматлар 2025'!$D:$D,$C24,'жами банкоматлар 2025'!$I:$I,"Way4",'жами банкоматлар 2025'!$G:$G,"GRG P5800") -> 0 | O24: =+K24+L24+M24+N24 -> 0 | P24: =COUNTIFS('жами банкоматлар 2025'!$D:$D,$C24,'жами банкоматлар 2025'!$I:$I,"UzCard",'жами банкоматлар 2025'!$G:$G,"NCR 6622") -> 0 | Q24: =COUNTIFS('жами банкоматлар 2025'!$D:$D,$C24,'жами банкоматлар 2025'!$I:$I,"UzCard",'жами банкоматлар 2025'!$G:$G,"NCR 6623") -> 0 | R24: =COUNTIFS('жами банкоматлар 2025'!$D:$D,$C24,'жами банкоматлар 2025'!$I:$I,"UzCard",'жами банкоматлар 2025'!$G:$G,"NCR 6682") -> 0 | S24: =COUNTIFS('жами банкоматлар 2025'!$D:$D,$C24,'жами банкоматлар 2025'!$I:$I,"UzCard",'жами банкоматлар 2025'!$G:$G,"CINEO C2070") -> 0 | T24: =COUNTIFS('жами банкоматлар 2025'!$D:$D,$C24,'жами банкоматлар 2025'!$I:$I,"UzCard",'жами банкоматлар 2025'!$G:$G,"CINEO C4560") -> 0 | U24: =+P24+Q24+S24+T24 -> 0 | V24: =+U24+O24+J24 -> 0 | W24: 6 | X24: 536 | Y24: 518 | Z24: 1 | AA24: 1
A25: 23 | B25: 00868 | C25: =VLOOKUP(B25,'жами банкоматлар 2025'!C:D,2,0) -> #N/A | D25: =VLOOKUP(B25,'жами банкоматлар 2025'!C:F,4,0) -> #N/A | E25: =COUNTIFS('жами банкоматлар 2025'!$D:$D,$C25,'жами банкоматлар 2025'!$I:$I,"Humo",'жами банкоматлар 2025'!$G:$G,"CINEO C2040") -> 0 | F25: =COUNTIFS('жами банкоматлар 2025'!$D:$D,$C25,'жами банкоматлар 2025'!$I:$I,"Humo",'жами банкоматлар 2025'!$G:$G,"CINEO C2070") -> 0 | G25: =COUNTIFS('жами банкоматлар 2025'!$D:$D,$C25,'жами банкоматлар 2025'!$I:$I,"Humo",'жами банкоматлар 2025'!$G:$G,"NCR 6623") -> 0 | H25: =COUNTIFS('жами банкоматлар 2025'!$D:$D,$C25,'жами банкоматлар 2025'!$I:$I,"Humo",'жами банкоматлар 2025'!$G:$G,"NCR 6682") -> 0 | I25: =COUNTIFS('жами банкоматлар 2025'!$D:$D,$C25,'жами банкоматлар 2025'!$I:$I,"Humo",'жами банкоматлар 2025'!$G:$G,"GRG P5800") -> 0 | J25: =+E25+F25+G25+H25+I25 -> 0 | K25: =COUNTIFS('жами банкоматлар 2025'!$D:$D,$C25,'жами банкоматлар 2025'!$I:$I,"Way4",'жами банкоматлар 2025'!$G:$G,"NCR 6623") -> 0 | L25: =COUNTIFS('жами банкоматлар 2025'!$D:$D,$C25,'жами банкоматлар 2025'!$I:$I,"Way4",'жами банкоматлар 2025'!$G:$G,"NCR 6682") -> 0 | M25: =COUNTIFS('жами банкоматлар 2025'!$D:$D,$C25,'жами банкоматлар 2025'!$I:$I,"Way4",'жами банкоматлар 2025'!$G:$G,"CINEO C2070") -> 0 | N25: =COUNTIFS('жами банкоматлар 2025'!$D:$D,$C25,'жами банкоматлар 2025'!$I:$I,"Way4",'жами банкоматлар 2025'!$G:$G,"GRG P5800") -> 0 | O25: =+K25+L25+M25+N25 -> 0 | P25: =COUNTIFS('жами банкоматлар 2025'!$D:$D,$C25,'жами банкоматлар 2025'!$I:$I,"UzCard",'жами банкоматлар 2025'!$G:$G,"NCR 6622") -> 0 | Q25: =COUNTIFS('жами банкоматлар 2025'!$D:$D,$C25,'жами банкоматлар 2025'!$I:$I,"UzCard",'жами банкоматлар 2025'!$G:$G,"NCR 6623") -> 0 | R25: =COUNTIFS('жами банкоматлар 2025'!$D:$D,$C25,'жами банкоматлар 2025'!$I:$I,"UzCard",'жами банкоматлар 2025'!$G:$G,"NCR 6682") -> 0 | S25: =COUNTIFS('жами банкоматлар 2025'!$D:$D,$C25,'жами банкоматлар 2025'!$I:$I,"UzCard",'жами банкоматлар 2025'!$G:$G,"CINEO C2070") -> 0 | T25: =COUNTIFS('жами банкоматлар 2025'!$D:$D,$C25,'жами банкоматлар 2025'!$I:$I,"UzCard",'жами банкоматлар 2025'!$G:$G,"CINEO C4560") -> 0 | U25: =+P25+Q25+S25+T25 -> 0 | V25: =+U25+O25+J25 -> 0 | W25: 5 | X25: 496 | Y25: 611 | Z25: 1 | AA25: 1
A26: 24 | B26: 00868 | C26: 10756 | D26: Бустон БХМ | E26: =COUNTIFS('жами банкоматлар 2025'!$D:$D,$C26,'жами банкоматлар 2025'!$I:$I,"Humo",'жами банкоматлар 2025'!$G:$G,"CINEO C2040") -> 0 | F26: =COUNTIFS('жами банкоматлар 2025'!$D:$D,$C26,'жами банкоматлар 2025'!$I:$I,"Humo",'жами банкоматлар 2025'!$G:$G,"CINEO C2070") -> 0 | G26: =COUNTIFS('жами банкоматлар 2025'!$D:$D,$C26,'жами банкоматлар 2025'!$I:$I,"Humo",'жами банкоматлар 2025'!$G:$G,"NCR 6623") -> 0 | H26: =COUNTIFS('жами банкоматлар 2025'!$D:$D,$C26,'жами банкоматлар 2025'!$I:$I,"Humo",'жами банкоматлар 2025'!$G:$G,"NCR 6682") -> 0 | I26: =COUNTIFS('жами банкоматлар 2025'!$D:$D,$C26,'жами банкоматлар 2025'!$I:$I,"Humo",'жами банкоматлар 2025'!$G:$G,"GRG P5800") -> 0 | J26: =+E26+F26+G26+H26+I26 -> 0 | K26: =COUNTIFS('жами банкоматлар 2025'!$D:$D,$C26,'жами банкоматлар 2025'!$I:$I,"Way4",'жами банкоматлар 2025'!$G:$G,"NCR 6623") -> 0 | L26: =COUNTIFS('жами банкоматлар 2025'!$D:$D,$C26,'жами банкоматлар 2025'!$I:$I,"Way4",'жами банкоматлар 2025'!$G:$G,"NCR 6682") -> 0 | M26: =COUNTIFS('жами банкоматлар 2025'!$D:$D,$C26,'жами банкоматлар 2025'!$I:$I,"Way4",'жами банкоматлар 2025'!$G:$G,"CINEO C2070") -> 0 | N26: =COUNTIFS('жами банкоматлар 2025'!$D:$D,$C26,'жами банкоматлар 2025'!$I:$I,"Way4",'жами банкоматлар 2025'!$G:$G,"GRG P5800") -> 0 | O26: =+K26+L26+M26+N26 -> 0 | P26: =COUNTIFS('жами банкоматлар 2025'!$D:$D,$C26,'жами банкоматлар 2025'!$I:$I,"UzCard",'жами банкоматлар 2025'!$G:$G,"NCR 6622") -> 0 | Q26: =COUNTIFS('жами банкоматлар 2025'!$D:$D,$C26,'жами банкоматлар 2025'!$I:$I,"UzCard",'жами банкоматлар 2025'!$G:$G,"NCR 6623") -> 0 | R26: =COUNTIFS('жами банкоматлар 2025'!$D:$D,$C26,'жами банкоматлар 2025'!$I:$I,"UzCard",'жами банкоматлар 2025'!$G:$G,"NCR 6682") -> 0 | S26: =COUNTIFS('жами банкоматлар 2025'!$D:$D,$C26,'жами банкоматлар 2025'!$I:$I,"UzCard",'жами банкоматлар 2025'!$G:$G,"CINEO C2070") -> 0 | T26: =COUNTIFS('жами банкоматлар 2025'!$D:$D,$C26,'жами банкоматлар 2025'!$I:$I,"UzCard",'жами банкоматлар 2025'!$G:$G,"CINEO C4560") -> 0 | U26: =+P26+Q26+S26+T26 -> 0 | V26: =+U26+O26+J26 -> 0 | W26: 0 | X26: 0 | Y26: 0 | Z26: 0 | AA26: 0
A27: 25 | B27: 00884 | C27: 11202 | D27: Қибрай БХМ | E27: =COUNTIFS('жами банкоматлар 2025'!$D:$D,$C27,'жами банкоматлар 2025'!$I:$I,"Humo",'жами банкоматлар 2025'!$G:$G,"CINEO C2040") -> 0 | F27: =COUNTIFS('жами банкоматлар 2025'!$D:$D,$C27,'жами банкоматлар 2025'!$I:$I,"Humo",'жами банкоматлар 2025'!$G:$G,"CINEO C2070") -> 0 | G27: =COUNTIFS('жами банкоматлар 2025'!$D:$D,$C27,'жами банкоматлар 2025'!$I:$I,"Humo",'жами банкоматлар 2025'!$G:$G,"NCR 6623") -> 0 | H27: =COUNTIFS('жами банкоматлар 2025'!$D:$D,$C27,'жами банкоматлар 2025'!$I:$I,"Humo",'жами банкоматлар 2025'!$G:$G,"NCR 6682") -> 0 | I27: =COUNTIFS('жами банкоматлар 2025'!$D:$D,$C27,'жами банкоматлар 2025'!$I:$I,"Humo",'жами банкоматлар 2025'!$G:$G,"GRG P5800") -> 0 | J27: =+E27+F27+G27+H27+I27 -> 0 | K27: =COUNTIFS('жами банкоматлар 2025'!$D:$D,$C27,'жами банкоматлар 2025'!$I:$I,"Way4",'жами банкоматлар 2025'!$G:$G,"NCR 6623") -> 0 | L27: =COUNTIFS('жами банкоматлар 2025'!$D:$D,$C27,'жами банкоматлар 2025'!$I:$I,"Way4",'жами банкоматлар 2025'!$G:$G,"NCR 6682") -> 0 | M27: =COUNTIFS('жами банкоматлар 2025'!$D:$D,$C27,'жами банкоматлар 2025'!$I:$I,"Way4",'жами банкоматлар 2025'!$G:$G,"CINEO C2070") -> 0 | N27: =COUNTIFS('жами банкоматлар 2025'!$D:$D,$C27,'жами банкоматлар 2025'!$I:$I,"Way4",'жами банкоматлар 2025'!$G:$G,"GRG P5800") -> 0 | O27: =+K27+L27+M27+N27 -> 0 | P27: =COUNTIFS('жами банкоматлар 2025'!$D:$D,$C27,'жами банкоматлар 2025'!$I:$I,"UzCard",'жами банкоматлар 2025'!$G:$G,"NCR 6622") -> 0 | Q27: =COUNTIFS('жами банкоматлар 2025'!$D:$D,$C27,'жами банкоматлар 2025'!$I:$I,"UzCard",'жами банкоматлар 2025'!$G:$G,"NCR 6623") -> 0 | R27: =COUNTIFS('жами банкоматлар 2025'!$D:$D,$C27,'жами банкоматлар 2025'!$I:$I,"UzCard",'жами банкоматлар 2025'!$G:$G,"NCR 6682") -> 0 | S27: =COUNTIFS('жами банкоматлар 2025'!$D:$D,$C27,'жами банкоматлар 2025'!$I:$I,"UzCard",'жами банкоматлар 2025'!$G:$G,"CINEO C2070") -> 0 | T27: =COUNTIFS('жами банкоматлар 2025'!$D:$D,$C27,'жами банкоматлар 2025'!$I:$I,"UzCard",'жами банкоматлар 2025'!$G:$G,"CINEO C4560") -> 0 | U27: =+P27+Q27+S27+T27 -> 0 | V27: =+U27+O27+J27 -> 0 | W27: 3 | X27: 252 | Y27: 269 | Z27: 0 | AA27: 1
A28: 26 | B28: 00994 | C28: =VLOOKUP(B28,'жами банкоматлар 2025'!C:D,2,0) -> #N/A | D28: =VLOOKUP(B28,'жами банкоматлар 2025'!C:F,4,0) -> #N/A | E28: =COUNTIFS('жами банкоматлар 2025'!$D:$D,$C28,'жами банкоматлар 2025'!$I:$I,"Humo",'жами банкоматлар 2025'!$G:$G,"CINEO C2040") -> 0 | F28: =COUNTIFS('жами банкоматлар 2025'!$D:$D,$C28,'жами банкоматлар 2025'!$I:$I,"Humo",'жами банкоматлар 2025'!$G:$G,"CINEO C2070") -> 0 | G28: =COUNTIFS('жами банкоматлар 2025'!$D:$D,$C28,'жами банкоматлар 2025'!$I:$I,"Humo",'жами банкоматлар 2025'!$G:$G,"NCR 6623") -> 0 | H28: =COUNTIFS('жами банкоматлар 2025'!$D:$D,$C28,'жами банкоматлар 2025'!$I:$I,"Humo",'жами банкоматлар 2025'!$G:$G,"NCR 6682") -> 0 | I28: =COUNTIFS('жами банкоматлар 2025'!$D:$D,$C28,'жами банкоматлар 2025'!$I:$I,"Humo",'жами банкоматлар 2025'!$G:$G,"GRG P5800") -> 0 | J28: =+E28+F28+G28+H28+I28 -> 0 | K28: =COUNTIFS('жами банкоматлар 2025'!$D:$D,$C28,'жами банкоматлар 2025'!$I:$I,"Way4",'жами банкоматлар 2025'!$G:$G,"NCR 6623") -> 0 | L28: =COUNTIFS('жами банкоматлар 2025'!$D:$D,$C28,'жами банкоматлар 2025'!$I:$I,"Way4",'жами банкоматлар 2025'!$G:$G,"NCR 6682") -> 0 | M28: =COUNTIFS('жами банкоматлар 2025'!$D:$D,$C28,'жами банкоматлар 2025'!$I:$I,"Way4",'жами банкоматлар 2025'!$G:$G,"CINEO C2070") -> 0 | N28: =COUNTIFS('жами банкоматлар 2025'!$D:$D,$C28,'жами банкоматлар 2025'!$I:$I,"Way4",'жами банкоматлар 2025'!$G:$G,"GRG P5800") -> 0 | O28: =+K28+L28+M28+N28 -> 0 | P28: =COUNTIFS('жами банкоматлар 2025'!$D:$D,$C28,'жами банкоматлар 2025'!$I:$I,"UzCard",'жами банкоматлар 2025'!$G:$G,"NCR 6622") -> 0 | Q28: =COUNTIFS('жами банкоматлар 2025'!$D:$D,$C28,'жами банкоматлар 2025'!$I:$I,"UzCard",'жами банкоматлар 2025'!$G:$G,"NCR 6623") -> 0 | R28: =COUNTIFS('жами банкоматлар 2025'!$D:$D,$C28,'жами банкоматлар 2025'!$I:$I,"UzCard",'жами банкоматлар 2025'!$G:$G,"NCR 6682") -> 0 | S28: =COUNTIFS('жами банкоматлар 2025'!$D:$D,$C28,'жами банкоматлар 2025'!$I:$I,"UzCard",'жами банкоматлар 2025'!$G:$G,"CINEO C2070") -> 0 | T28: =COUNTIFS('жами банкоматлар 2025'!$D:$D,$C28,'жами банкоматлар 2025'!$I:$I,"UzCard",'жами банкоматлар 2025'!$G:$G,"CINEO C4560") -> 0 | U28: =+P28+Q28+S28+T28 -> 0 | V28: =+U28+O28+J28 -> 0 | W28: 1 | X28: 273 | Y28: 253 | Z28: 0 | AA28: 1
A29: 27 | B29: 00317 | C29: 11091 | D29: Амир Темур БХМ | E29: 0 | F29: 0 | G29: 0 | H29: 0 | I29: =COUNTIFS('жами банкоматлар 2025'!$D:$D,$C29,'жами банкоматлар 2025'!$I:$I,"Humo",'жами банкоматлар 2025'!$G:$G,"GRG P5800") -> 0 | J29: =+E29+F29+G29+H29+I29 -> 0 | K29: 0 | L29: =COUNTIFS('жами банкоматлар 2025'!$D:$D,$C29,'жами банкоматлар 2025'!$I:$I,"Way4",'жами банкоматлар 2025'!$G:$G,"NCR 6682") -> 0 | M29: 0 | N29: =COUNTIFS('жами банкоматлар 2025'!$D:$D,$C29,'жами банкоматлар 2025'!$I:$I,"Way4",'жами банкоматлар 2025'!$G:$G,"GRG P5800") -> 0 | O29: =+K29+L29+M29+N29 -> 0 | P29: 0 | Q29: 0 | R29: =COUNTIFS('жами банкоматлар 2025'!$D:$D,$C29,'жами банкоматлар 2025'!$I:$I,"UzCard",'жами банкоматлар 2025'!$G:$G,"NCR 6682") -> 0 | S29: 0 | T29: 0 | U29: 0 | V29: 0 | W29: 1 | X29: 357 | Y29: 531 | Z29: 1 | AA29: 1
A30: 28 | B30: 00490 | C30: =VLOOKUP(B30,'жами банкоматлар 2025'!C:D,2,0) -> #N/A | D30: =VLOOKUP(B30,'жами банкоматлар 2025'!C:F,4,0) -> #N/A | E30: =COUNTIFS('жами банкоматлар 2025'!$D:$D,$C30,'жами банкоматлар 2025'!$I:$I,"Humo",'жами банкоматлар 2025'!$G:$G,"CINEO C2040") -> 0 | F30: =COUNTIFS('жами банкоматлар 2025'!$D:$D,$C30,'жами банкоматлар 2025'!$I:$I,"Humo",'жами банкоматлар 2025'!$G:$G,"CINEO C2070") -> 0 | G30: =COUNTIFS('жами банкоматлар 2025'!$D:$D,$C30,'жами банкоматлар 2025'!$I:$I,"Humo",'жами банкоматлар 2025'!$G:$G,"NCR 6623") -> 0 | H30: =COUNTIFS('жами банкоматлар 2025'!$D:$D,$C30,'жами банкоматлар 2025'!$I:$I,"Humo",'жами банкоматлар 2025'!$G:$G,"NCR 6682") -> 0 | I30: =COUNTIFS('жами банкоматлар 2025'!$D:$D,$C30,'жами банкоматлар 2025'!$I:$I,"Humo",'жами банкоматлар 2025'!$G:$G,"GRG P5800") -> 0 | J30: =+E30+F30+G30+H30+I30 -> 0 | K30: =COUNTIFS('жами банкоматлар 2025'!$D:$D,$C30,'жами банкоматлар 2025'!$I:$I,"Way4",'жами банкоматлар 2025'!$G:$G,"NCR 6623") -> 0 | L30: =COUNTIFS('жами банкоматлар 2025'!$D:$D,$C30,'жами банкоматлар 2025'!$I:$I,"Way4",'жами банкоматлар 2025'!$G:$G,"NCR 6682") -> 0 | M30: =COUNTIFS('жами банкоматлар 2025'!$D:$D,$C30,'жами банкоматлар 2025'!$I:$I,"Way4",'жами банкоматлар 2025'!$G:$G,"CINEO C2070") -> 0 | N30: =COUNTIFS('жами банкоматлар 2025'!$D:$D,$C30,'жами банкоматлар 2025'!$I:$I,"Way4",'жами банкоматлар 2025'!$G:$G,"GRG P5800") -> 0 | O30: =+K30+L30+M30+N30 -> 0 | P30: =COUNTIFS('жами банкоматлар 2025'!$D:$D,$C30,'жами банкоматлар 2025'!$I:$I,"UzCard",'жами банкоматлар 2025'!$G:$G,"NCR 6622") -> 0 | Q30: =COUNTIFS('жами банкоматлар 2025'!$D:$D,$C30,'жами банкоматлар 2025'!$I:$I,"UzCard",'жами банкоматлар 2025'!$G:$G,"NCR 6623") -> 0 | R30: =COUNTIFS('жами банкоматлар 2025'!$D:$D,$C30,'жами банкоматлар 2025'!$I:$I,"UzCard",'жами банкоматлар 2025'!$G:$G,"NCR 6682") -> 0 | S30: =COUNTIFS('жами банкоматлар 2025'!$D:$D,$C30,'жами банкоматлар 2025'!$I:$I,"UzCard",'жами банкоматлар 2025'!$G:$G,"CINEO C2070") -> 0 | T30: =COUNTIFS('жами банкоматлар 2025'!$D:$D,$C30,'жами банкоматлар 2025'!$I:$I,"UzCard",'жами банкоматлар 2025'!$G:$G,"CINEO C4560") -> 0 | U30: =+P30+Q30+S30+T30 -> 0 | V30: =+U30+O30+J30 -> 0 | W30: 0 | X30: 96 | Y30: 306 | Z30: 1 | AA30: 1
A31: 29 | B31: 01022 | C31: =VLOOKUP(B31,'жами банкоматлар 2025'!C:D,2,0) -> #N/A | D31: =VLOOKUP(B31,'жами банкоматлар 2025'!C:F,4,0) -> #N/A | E31: =COUNTIFS('жами банкоматлар 2025'!$D:$D,$C31,'жами банкоматлар 2025'!$I:$I,"Humo",'жами банкоматлар 2025'!$G:$G,"CINEO C2040") -> 0 | F31: =COUNTIFS('жами банкоматлар 2025'!$D:$D,$C31,'жами банкоматлар 2025'!$I:$I,"Humo",'жами банкоматлар 2025'!$G:$G,"CINEO C2070") -> 0 | G31: =COUNTIFS('жами банкоматлар 2025'!$D:$D,$C31,'жами банкоматлар 2025'!$I:$I,"Humo",'жами банкоматлар 2025'!$G:$G,"NCR 6623") -> 0 | H31: =COUNTIFS('жами банкоматлар 2025'!$D:$D,$C31,'жами банкоматлар 2025'!$I:$I,"Humo",'жами банкоматлар 2025'!$G:$G,"NCR 6682") -> 0 | I31: =COUNTIFS('жами банкоматлар 2025'!$D:$D,$C31,'жами банкоматлар 2025'!$I:$I,"Humo",'жами банкоматлар 2025'!$G:$G,"GRG P5800") -> 0 | J31: =+E31+F31+G31+H31+I31 -> 0 | K31: =COUNTIFS('жами банкоматлар 2025'!$D:$D,$C31,'жами банкоматлар 2025'!$I:$I,"Way4",'жами банкоматлар 2025'!$G:$G,"NCR 6623") -> 0 | L31: =COUNTIFS('жами банкоматлар 2025'!$D:$D,$C31,'жами банкоматлар 2025'!$I:$I,"Way4",'жами банкоматлар 2025'!$G:$G,"NCR 6682") -> 0 | M31: =COUNTIFS('жами банкоматлар 2025'!$D:$D,$C31,'жами банкоматлар 2025'!$I:$I,"Way4",'жами банкоматлар 2025'!$G:$G,"CINEO C2070") -> 0 | N31: =COUNTIFS('жами банкоматлар 2025'!$D:$D,$C31,'жами банкоматлар 2025'!$I:$I,"Way4",'жами банкоматлар 2025'!$G:$G,"GRG P5800") -> 0 | O31: =+K31+L31+M31+N31 -> 0 | P31: =COUNTIFS('жами банкоматлар 2025'!$D:$D,$C31,'жами банкоматлар 2025'!$I:$I,"UzCard",'жами банкоматлар 2025'!$G:$G,"NCR 6622") -> 0 | Q31: =COUNTIFS('жами банкоматлар 2025'!$D:$D,$C31,'жами банкоматлар 2025'!$I:$I,"UzCard",'жами банкоматлар 2025'!$G:$G,"NCR 6623") -> 0 | R31: =COUNTIFS('жами банкоматлар 2025'!$D:$D,$C31,'жами банкоматлар 2025'!$I:$I,"UzCard",'жами банкоматлар 2025'!$G:$G,"NCR 6682") -> 0 | S31: =COUNTIFS('жами банкоматлар 2025'!$D:$D,$C31,'жами банкоматлар 2025'!$I:$I,"UzCard",'жами банкоматлар 2025'!$G:$G,"CINEO C2070") -> 0 | T31: =COUNTIFS('жами банкоматлар 2025'!$D:$D,$C31,'жами банкоматлар 2025'!$I:$I,"UzCard",'жами банкоматлар 2025'!$G:$G,"CINEO C4560") -> 0 | U31: =+P31+Q31+S31+T31 -> 0 | V31: =+U31+O31+J31 -> 0 | W31: 5 | X31: 342 | Y31: 324 | Z31: 1 | AA31: 1
A32: 30 | B32: 01034 | C32: =VLOOKUP(B32,'жами банкоматлар 2025'!C:D,2,0) -> #N/A | D32: =VLOOKUP(B32,'жами банкоматлар 2025'!C:F,4,0) -> #N/A | E32: =COUNTIFS('жами банкоматлар 2025'!$D:$D,$C32,'жами банкоматлар 2025'!$I:$I,"Humo",'жами банкоматлар 2025'!$G:$G,"CINEO C2040") -> 0 | F32: =COUNTIFS('жами банкоматлар 2025'!$D:$D,$C32,'жами банкоматлар 2025'!$I:$I,"Humo",'жами банкоматлар 2025'!$G:$G,"CINEO C2070") -> 0 | G32: =COUNTIFS('жами банкоматлар 2025'!$D:$D,$C32,'жами банкоматлар 2025'!$I:$I,"Humo",'жами банкоматлар 2025'!$G:$G,"NCR 6623") -> 0 | H32: =COUNTIFS('жами банкоматлар 2025'!$D:$D,$C32,'жами банкоматлар 2025'!$I:$I,"Humo",'жами банкоматлар 2025'!$G:$G,"NCR 6682") -> 0 | I32: =COUNTIFS('жами банкоматлар 2025'!$D:$D,$C32,'жами банкоматлар 2025'!$I:$I,"Humo",'жами банкоматлар 2025'!$G:$G,"GRG P5800") -> 0 | J32: =+E32+F32+G32+H32+I32 -> 0 | K32: =COUNTIFS('жами банкоматлар 2025'!$D:$D,$C32,'жами банкоматлар 2025'!$I:$I,"Way4",'жами банкоматлар 2025'!$G:$G,"NCR 6623") -> 0 | L32: =COUNTIFS('жами банкоматлар 2025'!$D:$D,$C32,'жами банкоматлар 2025'!$I:$I,"Way4",'жами банкоматлар 2025'!$G:$G,"NCR 6682") -> 0 | M32: =COUNTIFS('жами банкоматлар 2025'!$D:$D,$C32,'жами банкоматлар 2025'!$I:$I,"Way4",'жами банкоматлар 2025'!$G:$G,"CINEO C2070") -> 0 | N32: =COUNTIFS('жами банкоматлар 2025'!$D:$D,$C32,'жами банкоматлар 2025'!$I:$I,"Way4",'жами банкоматлар 2025'!$G:$G,"GRG P5800") -> 0 | O32: =+K32+L32+M32+N32 -> 0 | P32: =COUNTIFS('жами банкоматлар 2025'!$D:$D,$C32,'жами банкоматлар 2025'!$I:$I,"UzCard",'жами банкоматлар 2025'!$G:$G,"NCR 6622") -> 0 | Q32: =COUNTIFS('жами банкоматлар 2025'!$D:$D,$C32,'жами банкоматлар 2025'!$I:$I,"UzCard",'жами банкоматлар 2025'!$G:$G,"NCR 6623") -> 0 | R32: =COUNTIFS('жами банкоматлар 2025'!$D:$D,$C32,'жами банкоматлар 2025'!$I:$I,"UzCard",'жами банкоматлар 2025'!$G:$G,"NCR 6682") -> 0 | S32: =COUNTIFS('жами банкоматлар 2025'!$D:$D,$C32,'жами банкоматлар 2025'!$I:$I,"UzCard",'жами банкоматлар 2025'!$G:$G,"CINEO C2070") -> 0 | T32: =COUNTIFS('жами банкоматлар 2025'!$D:$D,$C32,'жами банкоматлар 2025'!$I:$I,"UzCard",'жами банкоматлар 2025'!$G:$G,"CINEO C4560") -> 0 | U32: =+P32+Q32+S32+T32 -> 0 | V32: =+U32+O32+J32 -> 0 | W32: 3 | X32: 433 | Y32: 447 | Z32: 1 | AA32: 1
A33: 31 | B33: 01045 | C33: =VLOOKUP(B33,'жами банкоматлар 2025'!C:D,2,0) -> #N/A | D33: =VLOOKUP(B33,'жами банкоматлар 2025'!C:F,4,0) -> #N/A | E33: =COUNTIFS('жами банкоматлар 2025'!$D:$D,$C33,'жами банкоматлар 2025'!$I:$I,"Humo",'жами банкоматлар 2025'!$G:$G,"CINEO C2040") -> 0 | F33: =COUNTIFS('жами банкоматлар 2025'!$D:$D,$C33,'жами банкоматлар 2025'!$I:$I,"Humo",'жами банкоматлар 2025'!$G:$G,"CINEO C2070") -> 0 | G33: =COUNTIFS('жами банкоматлар 2025'!$D:$D,$C33,'жами банкоматлар 2025'!$I:$I,"Humo",'жами банкоматлар 2025'!$G:$G,"NCR 6623") -> 0 | H33: =COUNTIFS('жами банкоматлар 2025'!$D:$D,$C33,'жами банкоматлар 2025'!$I:$I,"Humo",'жами банкоматлар 2025'!$G:$G,"NCR 6682") -> 0 | I33: =COUNTIFS('жами банкоматлар 2025'!$D:$D,$C33,'жами банкоматлар 2025'!$I:$I,"Humo",'жами банкоматлар 2025'!$G:$G,"GRG P5800") -> 0 | J33: =+E33+F33+G33+H33+I33 -> 0 | K33: =COUNTIFS('жами банкоматлар 2025'!$D:$D,$C33,'жами банкоматлар 2025'!$I:$I,"Way4",'жами банкоматлар 2025'!$G:$G,"NCR 6623") -> 0 | L33: =COUNTIFS('жами банкоматлар 2025'!$D:$D,$C33,'жами банкоматлар 2025'!$I:$I,"Way4",'жами банкоматлар 2025'!$G:$G,"NCR 6682") -> 0 | M33: =COUNTIFS('жами банкоматлар 2025'!$D:$D,$C33,'жами банкоматлар 2025'!$I:$I,"Way4",'жами банкоматлар 2025'!$G:$G,"CINEO C2070") -> 0 | N33: =COUNTIFS('жами банкоматлар 2025'!$D:$D,$C33,'жами банкоматлар 2025'!$I:$I,"Way4",'жами банкоматлар 2025'!$G:$G,"GRG P5800") -> 0 | O33: =+K33+L33+M33+N33 -> 0 | P33: =COUNTIFS('жами банкоматлар 2025'!$D:$D,$C33,'жами банкоматлар 2025'!$I:$I,"UzCard",'жами банкоматлар 2025'!$G:$G,"NCR 6622") -> 0 | Q33: =COUNTIFS('жами банкоматлар 2025'!$D:$D,$C33,'жами банкоматлар 2025'!$I:$I,"UzCard",'жами банкоматлар 2025'!$G:$G,"NCR 6623") -> 0 | R33: =COUNTIFS('жами банкоматлар 2025'!$D:$D,$C33,'жами банкоматлар 2025'!$I:$I,"UzCard",'жами банкоматлар 2025'!$G:$G,"NCR 6682") -> 0 | S33: =COUNTIFS('жами банкоматлар 2025'!$D:$D,$C33,'жами банкоматлар 2025'!$I:$I,"UzCard",'жами банкоматлар 2025'!$G:$G,"CINEO C2070") -> 0 | T33: =COUNTIFS('жами банкоматлар 2025'!$D:$D,$C33,'жами банкоматлар 2025'!$I:$I,"UzCard",'жами банкоматлар 2025'!$G:$G,"CINEO C4560") -> 0 | U33: =+P33+Q33+S33+T33 -> 0 | V33: =+U33+O33+J33 -> 0 | W33: 4 | X33: 352 | Y33: 459 | Z33: 1 | AA33: 1
A34: 32 | B34: 01100 | C34: =VLOOKUP(B34,'жами банкоматлар 2025'!C:D,2,0) -> #N/A | D34: =VLOOKUP(B34,'жами банкоматлар 2025'!C:F,4,0) -> #N/A | E34: =COUNTIFS('жами банкоматлар 2025'!$D:$D,$C34,'жами банкоматлар 2025'!$I:$I,"Humo",'жами банкоматлар 2025'!$G:$G,"CINEO C2040") -> 0 | F34: =COUNTIFS('жами банкоматлар 2025'!$D:$D,$C34,'жами банкоматлар 2025'!$I:$I,"Humo",'жами банкоматлар 2025'!$G:$G,"CINEO C2070") -> 0 | G34: =COUNTIFS('жами банкоматлар 2025'!$D:$D,$C34,'жами банкоматлар 2025'!$I:$I,"Humo",'жами банкоматлар 2025'!$G:$G,"NCR 6623") -> 0 | H34: =COUNTIFS('жами банкоматлар 2025'!$D:$D,$C34,'жами банкоматлар 2025'!$I:$I,"Humo",'жами банкоматлар 2025'!$G:$G,"NCR 6682") -> 0 | I34: =COUNTIFS('жами банкоматлар 2025'!$D:$D,$C34,'жами банкоматлар 2025'!$I:$I,"Humo",'жами банкоматлар 2025'!$G:$G,"GRG P5800") -> 0 | J34: =+E34+F34+G34+H34+I34 -> 0 | K34: =COUNTIFS('жами банкоматлар 2025'!$D:$D,$C34,'жами банкоматлар 2025'!$I:$I,"Way4",'жами банкоматлар 2025'!$G:$G,"NCR 6623") -> 0 | L34: =COUNTIFS('жами банкоматлар 2025'!$D:$D,$C34,'жами банкоматлар 2025'!$I:$I,"Way4",'жами банкоматлар 2025'!$G:$G,"NCR 6682") -> 0 | M34: =COUNTIFS('жами банкоматлар 2025'!$D:$D,$C34,'жами банкоматлар 2025'!$I:$I,"Way4",'жами банкоматлар 2025'!$G:$G,"CINEO C2070") -> 0 | N34: =COUNTIFS('жами банкоматлар 2025'!$D:$D,$C34,'жами банкоматлар 2025'!$I:$I,"Way4",'жами банкоматлар 2025'!$G:$G,"GRG P5800") -> 0 | O34: =+K34+L34+M34+N34 -> 0 | P34: =COUNTIFS('жами банкоматлар 2025'!$D:$D,$C34,'жами банкоматлар 2025'!$I:$I,"UzCard",'жами банкоматлар 2025'!$G:$G,"NCR 6622") -> 0 | Q34: =COUNTIFS('жами банкоматлар 2025'!$D:$D,$C34,'жами банкоматлар 2025'!$I:$I,"UzCard",'жами банкоматлар 2025'!$G:$G,"NCR 6623") -> 0 | R34: =COUNTIFS('жами банкоматлар 2025'!$D:$D,$C34,'жами банкоматлар 2025'!$I:$I,"UzCard",'жами банкоматлар 2025'!$G:$G,"NCR 6682") -> 0 | S34: =COUNTIFS('жами банкоматлар 2025'!$D:$D,$C34,'жами банкоматлар 2025'!$I:$I,"UzCard",'жами банкоматлар 2025'!$G:$G,"CINEO C2070") -> 0 | T34: =COUNTIFS('жами банкоматлар 2025'!$D:$D,$C34,'жами банкоматлар 2025'!$I:$I,"UzCard",'жами банкоматлар 2025'!$G:$G,"CINEO C4560") -> 0 | U34: =+P34+Q34+S34+T34 -> 0 | V34: =+U34+O34+J34 -> 0 | W34: 2 | X34: 346 | Y34: 348 | Z34: 1 | AA34: 1
A35: 33 | B35: 01152 | C35: =VLOOKUP(B35,'жами банкоматлар 2025'!C:D,2,0) -> #N/A | D35: =VLOOKUP(B35,'жами банкоматлар 2025'!C:F,4,0) -> #N/A | E35: =COUNTIFS('жами банкоматлар 2025'!$D:$D,$C35,'жами банкоматлар 2025'!$I:$I,"Humo",'жами банкоматлар 2025'!$G:$G,"CINEO C2040") -> 0 | F35: =COUNTIFS('жами банкоматлар 2025'!$D:$D,$C35,'жами банкоматлар 2025'!$I:$I,"Humo",'жами банкоматлар 2025'!$G:$G,"CINEO C2070") -> 0 | G35: =COUNTIFS('жами банкоматлар 2025'!$D:$D,$C35,'жами банкоматлар 2025'!$I:$I,"Humo",'жами банкоматлар 2025'!$G:$G,"NCR 6623") -> 0 | H35: =COUNTIFS('жами банкоматлар 2025'!$D:$D,$C35,'жами банкоматлар 2025'!$I:$I,"Humo",'жами банкоматлар 2025'!$G:$G,"NCR 6682") -> 0 | I35: =COUNTIFS('жами банкоматлар 2025'!$D:$D,$C35,'жами банкоматлар 2025'!$I:$I,"Humo",'жами банкоматлар 2025'!$G:$G,"GRG P5800") -> 0 | J35: =+E35+F35+G35+H35+I35 -> 0 | K35: =COUNTIFS('жами банкоматлар 2025'!$D:$D,$C35,'жами банкоматлар 2025'!$I:$I,"Way4",'жами банкоматлар 2025'!$G:$G,"NCR 6623") -> 0 | L35: =COUNTIFS('жами банкоматлар 2025'!$D:$D,$C35,'жами банкоматлар 2025'!$I:$I,"Way4",'жами банкоматлар 2025'!$G:$G,"NCR 6682") -> 0 | M35: =COUNTIFS('жами банкоматлар 2025'!$D:$D,$C35,'жами банкоматлар 2025'!$I:$I,"Way4",'жами банкоматлар 2025'!$G:$G,"CINEO C2070") -> 0 | N35: =COUNTIFS('жами банкоматлар 2025'!$D:$D,$C35,'жами банкоматлар 2025'!$I:$I,"Way4",'жами банкоматлар 2025'!$G:$G,"GRG P5800") -> 0 | O35: =+K35+L35+M35+N35 -> 0 | P35: =COUNTIFS('жами банкоматлар 2025'!$D:$D,$C35,'жами банкоматлар 2025'!$I:$I,"UzCard",'жами банкоматлар 2025'!$G:$G,"NCR 6622") -> 0 | Q35: =COUNTIFS('жами банкоматлар 2025'!$D:$D,$C35,'жами банкоматлар 2025'!$I:$I,"UzCard",'жами банкоматлар 2025'!$G:$G,"NCR 6623") -> 0 | R35: =COUNTIFS('жами банкоматлар 2025'!$D:$D,$C35,'жами банкоматлар 2025'!$I:$I,"UzCard",'жами банкоматлар 2025'!$G:$G,"NCR 6682") -> 0 | S35: =COUNTIFS('жами банкоматлар 2025'!$D:$D,$C35,'жами банкоматлар 2025'!$I:$I,"UzCard",'жами банкоматлар 2025'!$G:$G,"CINEO C2070") -> 0 | T35: =COUNTIFS('жами банкоматлар 2025'!$D:$D,$C35,'жами банкоматлар 2025'!$I:$I,"UzCard",'жами банкоматлар 2025'!$G:$G,"CINEO C4560") -> 0 | U35: =+P35+Q35+S35+T35 -> 0 | V35: =+U35+O35+J35 -> 0 | W35: 2 | X35: 233 | Y35: 406 | Z35: 1 | AA35: 1
A36: 34 | B36: 00405 | C36: 11189 | D36: Миробод БХМ | E36: =COUNTIFS('жами банкоматлар 2025'!$D:$D,$C36,'жами банкоматлар 2025'!$I:$I,"Humo",'жами банкоматлар 2025'!$G:$G,"CINEO C2040") -> 0 | F36: =COUNTIFS('жами банкоматлар 2025'!$D:$D,$C36,'жами банкоматлар 2025'!$I:$I,"Humo",'жами банкоматлар 2025'!$G:$G,"CINEO C2070") -> 0 | G36: =COUNTIFS('жами банкоматлар 2025'!$D:$D,$C36,'жами банкоматлар 2025'!$I:$I,"Humo",'жами банкоматлар 2025'!$G:$G,"NCR 6623") -> 0 | H36: =COUNTIFS('жами банкоматлар 2025'!$D:$D,$C36,'жами банкоматлар 2025'!$I:$I,"Humo",'жами банкоматлар 2025'!$G:$G,"NCR 6682") -> 0 | I36: =COUNTIFS('жами банкоматлар 2025'!$D:$D,$C36,'жами банкоматлар 2025'!$I:$I,"Humo",'жами банкоматлар 2025'!$G:$G,"GRG P5800") -> 0 | J36: =+E36+F36+G36+H36+I36 -> 0 | K36: =COUNTIFS('жами банкоматлар 2025'!$D:$D,$C36,'жами банкоматлар 2025'!$I:$I,"Way4",'жами банкоматлар 2025'!$G:$G,"NCR 6623") -> 0 | L36: =COUNTIFS('жами банкоматлар 2025'!$D:$D,$C36,'жами банкоматлар 2025'!$I:$I,"Way4",'жами банкоматлар 2025'!$G:$G,"NCR 6682") -> 0 | M36: =COUNTIFS('жами банкоматлар 2025'!$D:$D,$C36,'жами банкоматлар 2025'!$I:$I,"Way4",'жами банкоматлар 2025'!$G:$G,"CINEO C2070") -> 0 | N36: =COUNTIFS('жами банкоматлар 2025'!$D:$D,$C36,'жами банкоматлар 2025'!$I:$I,"Way4",'жами банкоматлар 2025'!$G:$G,"GRG P5800") -> 0 | O36: =+K36+L36+M36+N36 -> 0 | P36: =COUNTIFS('жами банкоматлар 2025'!$D:$D,$C36,'жами банкоматлар 2025'!$I:$I,"UzCard",'жами банкоматлар 2025'!$G:$G,"NCR 6622") -> 0 | Q36: =COUNTIFS('жами банкоматлар 2025'!$D:$D,$C36,'жами банкоматлар 2025'!$I:$I,"UzCard",'жами банкоматлар 2025'!$G:$G,"NCR 6623") -> 0 | R36: =COUNTIFS('жами банкоматлар 2025'!$D:$D,$C36,'жами банкоматлар 2025'!$I:$I,"UzCard",'жами банкоматлар 2025'!$G:$G,"NCR 6682") -> 0 | S36: =COUNTIFS('жами банкоматлар 2025'!$D:$D,$C36,'жами банкоматлар 2025'!$I:$I,"UzCard",'жами банкоматлар 2025'!$G:$G,"CINEO C2070") -> 0 | T36: =COUNTIFS('жами банкоматлар 2025'!$D:$D,$C36,'жами банкоматлар 2025'!$I:$I,"UzCard",'жами банкоматлар 2025'!$G:$G,"CINEO C4560") -> 0 | U36: =+P36+Q36+S36+T36 -> 0 | V36: =+U36+O36+J36 -> 0 | W36: 3 | X36: 264 | Y36: 280 | Z36: 0 | AA36: 1
A37: 35 | B37: 00403 | C37: 11188 | D37: Сергили БХМ | E37: =COUNTIFS('жами банкоматлар 2025'!$D:$D,$C37,'жами банкоматлар 2025'!$I:$I,"Humo",'жами банкоматлар 2025'!$G:$G,"CINEO C2040") -> 0 | F37: =COUNTIFS('жами банкоматлар 2025'!$D:$D,$C37,'жами банкоматлар 2025'!$I:$I,"Humo",'жами банкоматлар 2025'!$G:$G,"CINEO C2070") -> 0 | G37: =COUNTIFS('жами банкоматлар 2025'!$D:$D,$C37,'жами банкоматлар 2025'!$I:$I,"Humo",'жами банкоматлар 2025'!$G:$G,"NCR 6623") -> 0 | H37: =COUNTIFS('жами банкоматлар 2025'!$D:$D,$C37,'жами банкоматлар 2025'!$I:$I,"Humo",'жами банкоматлар 2025'!$G:$G,"NCR 6682") -> 0 | I37: =COUNTIFS('жами банкоматлар 2025'!$D:$D,$C37,'жами банкоматлар 2025'!$I:$I,"Humo",'жами банкоматлар 2025'!$G:$G,"GRG P5800") -> 0 | J37: =+E37+F37+G37+H37+I37 -> 0 | K37: =COUNTIFS('жами банкоматлар 2025'!$D:$D,$C37,'жами банкоматлар 2025'!$I:$I,"Way4",'жами банкоматлар 2025'!$G:$G,"NCR 6623") -> 0 | L37: =COUNTIFS('жами банкоматлар 2025'!$D:$D,$C37,'жами банкоматлар 2025'!$I:$I,"Way4",'жами банкоматлар 2025'!$G:$G,"NCR 6682") -> 0 | M37: =COUNTIFS('жами банкоматлар 2025'!$D:$D,$C37,'жами банкоматлар 2025'!$I:$I,"Way4",'жами банкоматлар 2025'!$G:$G,"CINEO C2070") -> 0 | N37: =COUNTIFS('жами банкоматлар 2025'!$D:$D,$C37,'жами банкоматлар 2025'!$I:$I,"Way4",'жами банкоматлар 2025'!$G:$G,"GRG P5800") -> 0 | O37: =+K37+L37+M37+N37 -> 0 | P37: =COUNTIFS('жами банкоматлар 2025'!$D:$D,$C37,'жами банкоматлар 2025'!$I:$I,"UzCard",'жами банкоматлар 2025'!$G:$G,"NCR 6622") -> 0 | Q37: =COUNTIFS('жами банкоматлар 2025'!$D:$D,$C37,'жами банкоматлар 2025'!$I:$I,"UzCard",'жами банкоматлар 2025'!$G:$G,"NCR 6623") -> 0 | R37: =COUNTIFS('жами банкоматлар 2025'!$D:$D,$C37,'жами банкоматлар 2025'!$I:$I,"UzCard",'жами банкоматлар 2025'!$G:$G,"NCR 6682") -> 0 | S37: =COUNTIFS('жами банкоматлар 2025'!$D:$D,$C37,'жами банкоматлар 2025'!$I:$I,"UzCard",'жами банкоматлар 2025'!$G:$G,"CINEO C2070") -> 0 | T37: =COUNTIFS('жами банкоматлар 2025'!$D:$D,$C37,'жами банкоматлар 2025'!$I:$I,"UzCard",'жами банкоматлар 2025'!$G:$G,"CINEO C4560") -> 0 | U37: =+P37+Q37+S37+T37 -> 0 | V37: =+U37+O37+J37 -> 0 | W37: 1 | X37: 337 | Y37: 442 | Z37: 1 | AA37: 1
A38: 36 | B38: 00427 | C38: 11192 | D38: Чилонзор БХМ | E38: =COUNTIFS('жами банкоматлар 2025'!$D:$D,$C38,'жами банкоматлар 2025'!$I:$I,"Humo",'жами банкоматлар 2025'!$G:$G,"CINEO C2040") -> 0 | F38: =COUNTIFS('жами банкоматлар 2025'!$D:$D,$C38,'жами банкоматлар 2025'!$I:$I,"Humo",'жами банкоматлар 2025'!$G:$G,"CINEO C2070") -> 0 | G38: =COUNTIFS('жами банкоматлар 2025'!$D:$D,$C38,'жами банкоматлар 2025'!$I:$I,"Humo",'жами банкоматлар 2025'!$G:$G,"NCR 6623") -> 0 | H38: =COUNTIFS('жами банкоматлар 2025'!$D:$D,$C38,'жами банкоматлар 2025'!$I:$I,"Humo",'жами банкоматлар 2025'!$G:$G,"NCR 6682") -> 0 | I38: =COUNTIFS('жами банкоматлар 2025'!$D:$D,$C38,'жами банкоматлар 2025'!$I:$I,"Humo",'жами банкоматлар 2025'!$G:$G,"GRG P5800") -> 0 | J38: =+E38+F38+G38+H38+I38 -> 0 | K38: =COUNTIFS('жами банкоматлар 2025'!$D:$D,$C38,'жами банкоматлар 2025'!$I:$I,"Way4",'жами банкоматлар 2025'!$G:$G,"NCR 6623") -> 0 | L38: =COUNTIFS('жами банкоматлар 2025'!$D:$D,$C38,'жами банкоматлар 2025'!$I:$I,"Way4",'жами банкоматлар 2025'!$G:$G,"NCR 6682") -> 0 | M38: =COUNTIFS('жами банкоматлар 2025'!$D:$D,$C38,'жами банкоматлар 2025'!$I:$I,"Way4",'жами банкоматлар 2025'!$G:$G,"CINEO C2070") -> 0 | N38: =COUNTIFS('жами банкоматлар 2025'!$D:$D,$C38,'жами банкоматлар 2025'!$I:$I,"Way4",'жами банкоматлар 2025'!$G:$G,"GRG P5800") -> 0 | O38: =+K38+L38+M38+N38 -> 0 | P38: =COUNTIFS('жами банкоматлар 2025'!$D:$D,$C38,'жами банкоматлар 2025'!$I:$I,"UzCard",'жами банкоматлар 2025'!$G:$G,"NCR 6622") -> 0 | Q38: =COUNTIFS('жами банкоматлар 2025'!$D:$D,$C38,'жами банкоматлар 2025'!$I:$I,"UzCard",'жами банкоматлар 2025'!$G:$G,"NCR 6623") -> 0 | R38: =COUNTIFS('жами банкоматлар 2025'!$D:$D,$C38,'жами банкоматлар 2025'!$I:$I,"UzCard",'жами банкоматлар 2025'!$G:$G,"NCR 6682") -> 0 | S38: =COUNTIFS('жами банкоматлар 2025'!$D:$D,$C38,'жами банкоматлар 2025'!$I:$I,"UzCard",'жами банкоматлар 2025'!$G:$G,"CINEO C2070") -> 0 | T38: =COUNTIFS('жами банкоматлар 2025'!$D:$D,$C38,'жами банкоматлар 2025'!$I:$I,"UzCard",'жами банкоматлар 2025'!$G:$G,"CINEO C4560") -> 0 | U38: =+P38+Q38+S38+T38 -> 0 | V38: =+U38+O38+J38 -> 0 | W38: 4 | X38: 280 | Y38: 375 | Z38: 1 | AA38: 1
A39: 37 | B39: 00435 | C39: 11195 | D39: Ракат БХМ | E39: =COUNTIFS('жами банкоматлар 2025'!$D:$D,$C39,'жами банкоматлар 2025'!$I:$I,"Humo",'жами банкоматлар 2025'!$G:$G,"CINEO C2040") -> 0 | F39: =COUNTIFS('жами банкоматлар 2025'!$D:$D,$C39,'жами банкоматлар 2025'!$I:$I,"Humo",'жами банкоматлар 2025'!$G:$G,"CINEO C2070") -> 0 | G39: =COUNTIFS('жами банкоматлар 2025'!$D:$D,$C39,'жами банкоматлар 2025'!$I:$I,"Humo",'жами банкоматлар 2025'!$G:$G,"NCR 6623") -> 0 | H39: =COUNTIFS('жами банкоматлар 2025'!$D:$D,$C39,'жами банкоматлар 2025'!$I:$I,"Humo",'жами банкоматлар 2025'!$G:$G,"NCR 6682") -> 0 | I39: =COUNTIFS('жами банкоматлар 2025'!$D:$D,$C39,'жами банкоматлар 2025'!$I:$I,"Humo",'жами банкоматлар 2025'!$G:$G,"GRG P5800") -> 0 | J39: =+E39+F39+G39+H39+I39 -> 0 | K39: =COUNTIFS('жами банкоматлар 2025'!$D:$D,$C39,'жами банкоматлар 2025'!$I:$I,"Way4",'жами банкоматлар 2025'!$G:$G,"NCR 6623") -> 0 | L39: =COUNTIFS('жами банкоматлар 2025'!$D:$D,$C39,'жами банкоматлар 2025'!$I:$I,"Way4",'жами банкоматлар 2025'!$G:$G,"NCR 6682") -> 0 | M39: =COUNTIFS('жами банкоматлар 2025'!$D:$D,$C39,'жами банкоматлар 2025'!$I:$I,"Way4",'жами банкоматлар 2025'!$G:$G,"CINEO C2070") -> 0 | N39: =COUNTIFS('жами банкоматлар 2025'!$D:$D,$C39,'жами банкоматлар 2025'!$I:$I,"Way4",'жами банкоматлар 2025'!$G:$G,"GRG P5800") -> 0 | O39: =+K39+L39+M39+N39 -> 0 | P39: =COUNTIFS('жами банкоматлар 2025'!$D:$D,$C39,'жами банкоматлар 2025'!$I:$I,"UzCard",'жами банкоматлар 2025'!$G:$G,"NCR 6622") -> 0 | Q39: =COUNTIFS('жами банкоматлар 2025'!$D:$D,$C39,'жами банкоматлар 2025'!$I:$I,"UzCard",'жами банкоматлар 2025'!$G:$G,"NCR 6623") -> 0 | R39: =COUNTIFS('жами банкоматлар 2025'!$D:$D,$C39,'жами банкоматлар 2025'!$I:$I,"UzCard",'жами банкоматлар 2025'!$G:$G,"NCR 6682") -> 0 | S39: =COUNTIFS('жами банкоматлар 2025'!$D:$D,$C39,'жами банкоматлар 2025'!$I:$I,"UzCard",'жами банкоматлар 2025'!$G:$G,"CINEO C2070") -> 0 | T39: =COUNTIFS('жами банкоматлар 2025'!$D:$D,$C39,'жами банкоматлар 2025'!$I:$I,"UzCard",'жами банкоматлар 2025'!$G:$G,"CINEO C4560") -> 0 | U39: =+P39+Q39+S39+T39 -> 0 | V39: =+U39+O39+J39 -> 0 | W39: 2 | X39: 196 | Y39: 241 | Z39: 0 | AA39: 1
A40: 38 | B40: 00434 | C40: =VLOOKUP(B40,'жами банкоматлар 2025'!C:D,2,0) -> #N/A | D40: =VLOOKUP(B40,'жами банкоматлар 2025'!C:F,4,0) -> #N/A | E40: =COUNTIFS('жами банкоматлар 2025'!$D:$D,$C40,'жами банкоматлар 2025'!$I:$I,"Humo",'жами банкоматлар 2025'!$G:$G,"CINEO C2040") -> 0 | F40: =COUNTIFS('жами банкоматлар 2025'!$D:$D,$C40,'жами банкоматлар 2025'!$I:$I,"Humo",'жами банкоматлар 2025'!$G:$G,"CINEO C2070") -> 0 | G40: =COUNTIFS('жами банкоматлар 2025'!$D:$D,$C40,'жами банкоматлар 2025'!$I:$I,"Humo",'жами банкоматлар 2025'!$G:$G,"NCR 6623") -> 0 | H40: =COUNTIFS('жами банкоматлар 2025'!$D:$D,$C40,'жами банкоматлар 2025'!$I:$I,"Humo",'жами банкоматлар 2025'!$G:$G,"NCR 6682") -> 0 | I40: =COUNTIFS('жами банкоматлар 2025'!$D:$D,$C40,'жами банкоматлар 2025'!$I:$I,"Humo",'жами банкоматлар 2025'!$G:$G,"GRG P5800") -> 0 | J40: =+E40+F40+G40+H40+I40 -> 0 | K40: =COUNTIFS('жами банкоматлар 2025'!$D:$D,$C40,'жами банкоматлар 2025'!$I:$I,"Way4",'жами банкоматлар 2025'!$G:$G,"NCR 6623") -> 0 | L40: =COUNTIFS('жами банкоматлар 2025'!$D:$D,$C40,'жами банкоматлар 2025'!$I:$I,"Way4",'жами банкоматлар 2025'!$G:$G,"NCR 6682") -> 0 | M40: =COUNTIFS('жами банкоматлар 2025'!$D:$D,$C40,'жами банкоматлар 2025'!$I:$I,"Way4",'жами банкоматлар 2025'!$G:$G,"CINEO C2070") -> 0 | N40: =COUNTIFS('жами банкоматлар 2025'!$D:$D,$C40,'жами банкоматлар 2025'!$I:$I,"Way4",'жами банкоматлар 2025'!$G:$G,"GRG P5800") -> 0 | O40: =+K40+L40+M40+N40 -> 0 | P40: =COUNTIFS('жами банкоматлар 2025'!$D:$D,$C40,'жами банкоматлар 2025'!$I:$I,"UzCard",'жами банкоматлар 2025'!$G:$G,"NCR 6622") -> 0 | Q40: =COUNTIFS('жами банкоматлар 2025'!$D:$D,$C40,'жами банкоматлар 2025'!$I:$I,"UzCard",'жами банкоматлар 2025'!$G:$G,"NCR 6623") -> 0 | R40: =COUNTIFS('жами банкоматлар 2025'!$D:$D,$C40,'жами банкоматлар 2025'!$I:$I,"UzCard",'жами банкоматлар 2025'!$G:$G,"NCR 6682") -> 0 | S40: =COUNTIFS('жами банкоматлар 2025'!$D:$D,$C40,'жами банкоматлар 2025'!$I:$I,"UzCard",'жами банкоматлар 2025'!$G:$G,"CINEO C2070") -> 0 | T40: =COUNTIFS('жами банкоматлар 2025'!$D:$D,$C40,'жами банкоматлар 2025'!$I:$I,"UzCard",'жами банкоматлар 2025'!$G:$G,"CINEO C4560") -> 0 | U40: =+P40+Q40+S40+T40 -> 0 | V40: =+U40+O40+J40 -> 0 | W40: 2 | X40: 931 | Y40: 896 | Z40: 0 | AA40: 1
A41: 39 | B41: 00397 | C41: 11190 | D41: Учтепа БХМ | E41: =COUNTIFS('жами банкоматлар 2025'!$D:$D,$C41,'жами банкоматлар 2025'!$I:$I,"Humo",'жами банкоматлар 2025'!$G:$G,"CINEO C2040") -> 0 | F41: =COUNTIFS('жами банкоматлар 2025'!$D:$D,$C41,'жами банкоматлар 2025'!$I:$I,"Humo",'жами банкоматлар 2025'!$G:$G,"CINEO C2070") -> 0 | G41: =COUNTIFS('жами банкоматлар 2025'!$D:$D,$C41,'жами банкоматлар 2025'!$I:$I,"Humo",'жами банкоматлар 2025'!$G:$G,"NCR 6623") -> 0 | H41: =COUNTIFS('жами банкоматлар 2025'!$D:$D,$C41,'жами банкоматлар 2025'!$I:$I,"Humo",'жами банкоматлар 2025'!$G:$G,"NCR 6682") -> 0 | I41: =COUNTIFS('жами банкоматлар 2025'!$D:$D,$C41,'жами банкоматлар 2025'!$I:$I,"Humo",'жами банкоматлар 2025'!$G:$G,"GRG P5800") -> 0 | J41: =+E41+F41+G41+H41+I41 -> 0 | K41: =COUNTIFS('жами банкоматлар 2025'!$D:$D,$C41,'жами банкоматлар 2025'!$I:$I,"Way4",'жами банкоматлар 2025'!$G:$G,"NCR 6623") -> 0 | L41: =COUNTIFS('жами банкоматлар 2025'!$D:$D,$C41,'жами банкоматлар 2025'!$I:$I,"Way4",'жами банкоматлар 2025'!$G:$G,"NCR 6682") -> 0 | M41: =COUNTIFS('жами банкоматлар 2025'!$D:$D,$C41,'жами банкоматлар 2025'!$I:$I,"Way4",'жами банкоматлар 2025'!$G:$G,"CINEO C2070") -> 0 | N41: =COUNTIFS('жами банкоматлар 2025'!$D:$D,$C41,'жами банкоматлар 2025'!$I:$I,"Way4",'жами банкоматлар 2025'!$G:$G,"GRG P5800") -> 0 | O41: =+K41+L41+M41+N41 -> 0 | P41: =COUNTIFS('жами банкоматлар 2025'!$D:$D,$C41,'жами банкоматлар 2025'!$I:$I,"UzCard",'жами банкоматлар 2025'!$G:$G,"NCR 6622") -> 0 | Q41: =COUNTIFS('жами банкоматлар 2025'!$D:$D,$C41,'жами банкоматлар 2025'!$I:$I,"UzCard",'жами банкоматлар 2025'!$G:$G,"NCR 6623") -> 0 | R41: =COUNTIFS('жами банкоматлар 2025'!$D:$D,$C41,'жами банкоматлар 2025'!$I:$I,"UzCard",'жами банкоматлар 2025'!$G:$G,"NCR 6682") -> 0 | S41: =COUNTIFS('жами банкоматлар 2025'!$D:$D,$C41,'жами банкоматлар 2025'!$I:$I,"UzCard",'жами банкоматлар 2025'!$G:$G,"CINEO C2070") -> 0 | T41: =COUNTIFS('жами банкоматлар 2025'!$D:$D,$C41,'жами банкоматлар 2025'!$I:$I,"UzCard",'жами банкоматлар 2025'!$G:$G,"CINEO C4560") -> 0 | U41: =+P41+Q41+S41+T41 -> 0 | V41: =+U41+O41+J41 -> 0 | W41: 1 | X41: 764 | Y41: 743 | Z41: 0 | AA41: 1
A42: 40 | B42: 00428 | C42: 10463 | D42: Юнусобод БХМ | E42: =COUNTIFS('жами банкоматлар 2025'!$D:$D,$C42,'жами банкоматлар 2025'!$I:$I,"Humo",'жами банкоматлар 2025'!$G:$G,"CINEO C2040") -> 0 | F42: =COUNTIFS('жами банкоматлар 2025'!$D:$D,$C42,'жами банкоматлар 2025'!$I:$I,"Humo",'жами банкоматлар 2025'!$G:$G,"CINEO C2070") -> 0 | G42: =COUNTIFS('жами банкоматлар 2025'!$D:$D,$C42,'жами банкоматлар 2025'!$I:$I,"Humo",'жами банкоматлар 2025'!$G:$G,"NCR 6623") -> 0 | H42: =COUNTIFS('жами банкоматлар 2025'!$D:$D,$C42,'жами банкоматлар 2025'!$I:$I,"Humo",'жами банкоматлар 2025'!$G:$G,"NCR 6682") -> 0 | I42: =COUNTIFS('жами банкоматлар 2025'!$D:$D,$C42,'жами банкоматлар 2025'!$I:$I,"Humo",'жами банкоматлар 2025'!$G:$G,"GRG P5800") -> 0 | J42: =+E42+F42+G42+H42+I42 -> 0 | K42: =COUNTIFS('жами банкоматлар 2025'!$D:$D,$C42,'жами банкоматлар 2025'!$I:$I,"Way4",'жами банкоматлар 2025'!$G:$G,"NCR 6623") -> 0 | L42: =COUNTIFS('жами банкоматлар 2025'!$D:$D,$C42,'жами банкоматлар 2025'!$I:$I,"Way4",'жами банкоматлар 2025'!$G:$G,"NCR 6682") -> 0 | M42: =COUNTIFS('жами банкоматлар 2025'!$D:$D,$C42,'жами банкоматлар 2025'!$I:$I,"Way4",'жами банкоматлар 2025'!$G:$G,"CINEO C2070") -> 0 | N42: =COUNTIFS('жами банкоматлар 2025'!$D:$D,$C42,'жами банкоматлар 2025'!$I:$I,"Way4",'жами банкоматлар 2025'!$G:$G,"GRG P5800") -> 0 | O42: =+K42+L42+M42+N42 -> 0 | P42: =COUNTIFS('жами банкоматлар 2025'!$D:$D,$C42,'жами банкоматлар 2025'!$I:$I,"UzCard",'жами банкоматлар 2025'!$G:$G,"NCR 6622") -> 0 | Q42: =COUNTIFS('жами банкоматлар 2025'!$D:$D,$C42,'жами банкоматлар 2025'!$I:$I,"UzCard",'жами банкоматлар 2025'!$G:$G,"NCR 6623") -> 0 | R42: =COUNTIFS('жами банкоматлар 2025'!$D:$D,$C42,'жами банкоматлар 2025'!$I:$I,"UzCard",'жами банкоматлар 2025'!$G:$G,"NCR 6682") -> 0 | S42: =COUNTIFS('жами банкоматлар 2025'!$D:$D,$C42,'жами банкоматлар 2025'!$I:$I,"UzCard",'жами банкоматлар 2025'!$G:$G,"CINEO C2070") -> 0 | T42: =COUNTIFS('жами банкоматлар 2025'!$D:$D,$C42,'жами банкоматлар 2025'!$I:$I,"UzCard",'жами банкоматлар 2025'!$G:$G,"CINEO C4560") -> 0 | U42: =+P42+Q42+S42+T42 -> 0 | V42: =+U42+O42+J42 -> 0 | W42: 2 | X42: 264 | Y42: 342 | Z42: 1 | AA42: 1
A43: 41 | B43: 00399 | C43: 11186 | D43: М.Улуғбек БХМ | E43: =COUNTIFS('жами банкоматлар 2025'!$D:$D,$C43,'жами банкоматлар 2025'!$I:$I,"Humo",'жами банкоматлар 2025'!$G:$G,"CINEO C2040") -> 0 | F43: =COUNTIFS('жами банкоматлар 2025'!$D:$D,$C43,'жами банкоматлар 2025'!$I:$I,"Humo",'жами банкоматлар 2025'!$G:$G,"CINEO C2070") -> 0 | G43: =COUNTIFS('жами банкоматлар 2025'!$D:$D,$C43,'жами банкоматлар 2025'!$I:$I,"Humo",'жами банкоматлар 2025'!$G:$G,"NCR 6623") -> 0 | H43: =COUNTIFS('жами банкоматлар 2025'!$D:$D,$C43,'жами банкоматлар 2025'!$I:$I,"Humo",'жами банкоматлар 2025'!$G:$G,"NCR 6682") -> 0 | I43: =COUNTIFS('жами банкоматлар 2025'!$D:$D,$C43,'жами банкоматлар 2025'!$I:$I,"Humo",'жами банкоматлар 2025'!$G:$G,"GRG P5800") -> 0 | J43: =+E43+F43+G43+H43+I43 -> 0 | K43: =COUNTIFS('жами банкоматлар 2025'!$D:$D,$C43,'жами банкоматлар 2025'!$I:$I,"Way4",'жами банкоматлар 2025'!$G:$G,"NCR 6623") -> 0 | L43: =COUNTIFS('жами банкоматлар 2025'!$D:$D,$C43,'жами банкоматлар 2025'!$I:$I,"Way4",'жами банкоматлар 2025'!$G:$G,"NCR 6682") -> 0 | M43: =COUNTIFS('жами банкоматлар 2025'!$D:$D,$C43,'жами банкоматлар 2025'!$I:$I,"Way4",'жами банкоматлар 2025'!$G:$G,"CINEO C2070") -> 0 | N43: =COUNTIFS('жами банкоматлар 2025'!$D:$D,$C43,'жами банкоматлар 2025'!$I:$I,"Way4",'жами банкоматлар 2025'!$G:$G,"GRG P5800") -> 0 | O43: =+K43+L43+M43+N43 -> 0 | P43: =COUNTIFS('жами банкоматлар 2025'!$D:$D,$C43,'жами банкоматлар 2025'!$I:$I,"UzCard",'жами банкоматлар 2025'!$G:$G,"NCR 6622") -> 0 | Q43: =COUNTIFS('жами банкоматлар 2025'!$D:$D,$C43,'жами банкоматлар 2025'!$I:$I,"UzCard",'жами банкоматлар 2025'!$G:$G,"NCR 6623") -> 0 | R43: =COUNTIFS('жами банкоматлар 2025'!$D:$D,$C43,'жами банкоматлар 2025'!$I:$I,"UzCard",'жами банкоматлар 2025'!$G:$G,"NCR 6682") -> 0 | S43: =COUNTIFS('жами банкоматлар 2025'!$D:$D,$C43,'жами банкоматлар 2025'!$I:$I,"UzCard",'жами банкоматлар 2025'!$G:$G,"CINEO C2070") -> 0 | T43: =COUNTIFS('жами банкоматлар 2025'!$D:$D,$C43,'жами банкоматлар 2025'!$I:$I,"UzCard",'жами банкоматлар 2025'!$G:$G,"CINEO C4560") -> 0 | U43: =+P43+Q43+S43+T43 -> 0 | V43: =+U43+O43+J43 -> 0 | W43: 1 | X43: 201 | Y43: 209 | Z43: 0 | AA43: 1
A44: 42 | B44: 00398 | C44: 11185 | D44: Олмазор БХМ | E44: =COUNTIFS('жами банкоматлар 2025'!$D:$D,$C44,'жами банкоматлар 2025'!$I:$I,"Humo",'жами банкоматлар 2025'!$G:$G,"CINEO C2040") -> 0 | F44: =COUNTIFS('жами банкоматлар 2025'!$D:$D,$C44,'жами банкоматлар 2025'!$I:$I,"Humo",'жами банкоматлар 2025'!$G:$G,"CINEO C2070") -> 0 | G44: =COUNTIFS('жами банкоматлар 2025'!$D:$D,$C44,'жами банкоматлар 2025'!$I:$I,"Humo",'жами банкоматлар 2025'!$G:$G,"NCR 6623") -> 0 | H44: =COUNTIFS('жами банкоматлар 2025'!$D:$D,$C44,'жами банкоматлар 2025'!$I:$I,"Humo",'жами банкоматлар 2025'!$G:$G,"NCR 6682") -> 0 | I44: =COUNTIFS('жами банкоматлар 2025'!$D:$D,$C44,'жами банкоматлар 2025'!$I:$I,"Humo",'жами банкоматлар 2025'!$G:$G,"GRG P5800") -> 0 | J44: =+E44+F44+G44+H44+I44 -> 0 | K44: =COUNTIFS('жами банкоматлар 2025'!$D:$D,$C44,'жами банкоматлар 2025'!$I:$I,"Way4",'жами банкоматлар 2025'!$G:$G,"NCR 6623") -> 0 | L44: =COUNTIFS('жами банкоматлар 2025'!$D:$D,$C44,'жами банкоматлар 2025'!$I:$I,"Way4",'жами банкоматлар 2025'!$G:$G,"NCR 6682") -> 0 | M44: =COUNTIFS('жами банкоматлар 2025'!$D:$D,$C44,'жами банкоматлар 2025'!$I:$I,"Way4",'жами банкоматлар 2025'!$G:$G,"CINEO C2070") -> 0 | N44: =COUNTIFS('жами банкоматлар 2025'!$D:$D,$C44,'жами банкоматлар 2025'!$I:$I,"Way4",'жами банкоматлар 2025'!$G:$G,"GRG P5800") -> 0 | O44: =+K44+L44+M44+N44 -> 0 | P44: =COUNTIFS('жами банкоматлар 2025'!$D:$D,$C44,'жами банкоматлар 2025'!$I:$I,"UzCard",'жами банкоматлар 2025'!$G:$G,"NCR 6622") -> 0 | Q44: =COUNTIFS('жами банкоматлар 2025'!$D:$D,$C44,'жами банкоматлар 2025'!$I:$I,"UzCard",'жами банкоматлар 2025'!$G:$G,"NCR 6623") -> 0 | R44: =COUNTIFS('жами банкоматлар 2025'!$D:$D,$C44,'жами банкоматлар 2025'!$I:$I,"UzCard",'жами банкоматлар 2025'!$G:$G,"NCR 6682") -> 0 | S44: =COUNTIFS('жами банкоматлар 2025'!$D:$D,$C44,'жами банкоматлар 2025'!$I:$I,"UzCard",'жами банкоматлар 2025'!$G:$G,"CINEO C2070") -> 0 | T44: =COUNTIFS('жами банкоматлар 2025'!$D:$D,$C44,'жами банкоматлар 2025'!$I:$I,"UzCard",'жами банкоматлар 2025'!$G:$G,"CINEO C4560") -> 0 | U44: =+P44+Q44+S44+T44 -> 0 | V44: =+U44+O44+J44 -> 0 | W44: 2 | X44: 293 | Y44: 386 | Z44: 0 | AA44: 1
A45: 43 | B45: 00426 | C45: 11191 | D45: Қатартол БХМ | E45: =COUNTIFS('жами банкоматлар 2025'!$D:$D,$C45,'жами банкоматлар 2025'!$I:$I,"Humo",'жами банкоматлар 2025'!$G:$G,"CINEO C2040") -> 0 | F45: =COUNTIFS('жами банкоматлар 2025'!$D:$D,$C45,'жами банкоматлар 2025'!$I:$I,"Humo",'жами банкоматлар 2025'!$G:$G,"CINEO C2070") -> 0 | G45: =COUNTIFS('жами банкоматлар 2025'!$D:$D,$C45,'жами банкоматлар 2025'!$I:$I,"Humo",'жами банкоматлар 2025'!$G:$G,"NCR 6623") -> 0 | H45: =COUNTIFS('жами банкоматлар 2025'!$D:$D,$C45,'жами банкоматлар 2025'!$I:$I,"Humo",'жами банкоматлар 2025'!$G:$G,"NCR 6682") -> 0 | I45: =COUNTIFS('жами банкоматлар 2025'!$D:$D,$C45,'жами банкоматлар 2025'!$I:$I,"Humo",'жами банкоматлар 2025'!$G:$G,"GRG P5800") -> 0 | J45: =+E45+F45+G45+H45+I45 -> 0 | K45: =COUNTIFS('жами банкоматлар 2025'!$D:$D,$C45,'жами банкоматлар 2025'!$I:$I,"Way4",'жами банкоматлар 2025'!$G:$G,"NCR 6623") -> 0 | L45: =COUNTIFS('жами банкоматлар 2025'!$D:$D,$C45,'жами банкоматлар 2025'!$I:$I,"Way4",'жами банкоматлар 2025'!$G:$G,"NCR 6682") -> 0 | M45: =COUNTIFS('жами банкоматлар 2025'!$D:$D,$C45,'жами банкоматлар 2025'!$I:$I,"Way4",'жами банкоматлар 2025'!$G:$G,"CINEO C2070") -> 0 | N45: =COUNTIFS('жами банкоматлар 2025'!$D:$D,$C45,'жами банкоматлар 2025'!$I:$I,"Way4",'жами банкоматлар 2025'!$G:$G,"GRG P5800") -> 0 | O45: =+K45+L45+M45+N45 -> 0 | P45: =COUNTIFS('жами банкоматлар 2025'!$D:$D,$C45,'жами банкоматлар 2025'!$I:$I,"UzCard",'жами банкоматлар 2025'!$G:$G,"NCR 6622") -> 0 | Q45: =COUNTIFS('жами банкоматлар 2025'!$D:$D,$C45,'жами банкоматлар 2025'!$I:$I,"UzCard",'жами банкоматлар 2025'!$G:$G,"NCR 6623") -> 0 | R45: =COUNTIFS('жами банкоматлар 2025'!$D:$D,$C45,'жами банкоматлар 2025'!$I:$I,"UzCard",'жами банкоматлар 2025'!$G:$G,"NCR 6682") -> 0 | S45: =COUNTIFS('жами банкоматлар 2025'!$D:$D,$C45,'жами банкоматлар 2025'!$I:$I,"UzCard",'жами банкоматлар 2025'!$G:$G,"CINEO C2070") -> 0 | T45: =COUNTIFS('жами банкоматлар 2025'!$D:$D,$C45,'жами банкоматлар 2025'!$I:$I,"UzCard",'жами банкоматлар 2025'!$G:$G,"CINEO C4560") -> 0 | U45: =+P45+Q45+S45+T45 -> 0 | V45: =+U45+O45+J45 -> 0 | W45: 2 | X45: 578 | Y45: 544 | Z45: 0 | AA45: 1
A46: 44 | B46: 00424 | C46: =VLOOKUP(B46,'жами банкоматлар 2025'!C:D,2,0) -> #N/A | D46: =VLOOKUP(B46,'жами банкоматлар 2025'!C:F,4,0) -> #N/A | E46: =COUNTIFS('жами банкоматлар 2025'!$D:$D,$C46,'жами банкоматлар 2025'!$I:$I,"Humo",'жами банкоматлар 2025'!$G:$G,"CINEO C2040") -> 0 | F46: =COUNTIFS('жами банкоматлар 2025'!$D:$D,$C46,'жами банкоматлар 2025'!$I:$I,"Humo",'жами банкоматлар 2025'!$G:$G,"CINEO C2070") -> 0 | G46: =COUNTIFS('жами банкоматлар 2025'!$D:$D,$C46,'жами банкоматлар 2025'!$I:$I,"Humo",'жами банкоматлар 2025'!$G:$G,"NCR 6623") -> 0 | H46: =COUNTIFS('жами банкоматлар 2025'!$D:$D,$C46,'жами банкоматлар 2025'!$I:$I,"Humo",'жами банкоматлар 2025'!$G:$G,"NCR 6682") -> 0 | I46: =COUNTIFS('жами банкоматлар 2025'!$D:$D,$C46,'жами банкоматлар 2025'!$I:$I,"Humo",'жами банкоматлар 2025'!$G:$G,"GRG P5800") -> 0 | J46: =+E46+F46+G46+H46+I46 -> 0 | K46: =COUNTIFS('жами банкоматлар 2025'!$D:$D,$C46,'жами банкоматлар 2025'!$I:$I,"Way4",'жами банкоматлар 2025'!$G:$G,"NCR 6623") -> 0 | L46: =COUNTIFS('жами банкоматлар 2025'!$D:$D,$C46,'жами банкоматлар 2025'!$I:$I,"Way4",'жами банкоматлар 2025'!$G:$G,"NCR 6682") -> 0 | M46: =COUNTIFS('жами банкоматлар 2025'!$D:$D,$C46,'жами банкоматлар 2025'!$I:$I,"Way4",'жами банкоматлар 2025'!$G:$G,"CINEO C2070") -> 0 | N46: =COUNTIFS('жами банкоматлар 2025'!$D:$D,$C46,'жами банкоматлар 2025'!$I:$I,"Way4",'жами банкоматлар 2025'!$G:$G,"GRG P5800") -> 0 | O46: =+K46+L46+M46+N46 -> 0 | P46: =COUNTIFS('жами банкоматлар 2025'!$D:$D,$C46,'жами банкоматлар 2025'!$I:$I,"UzCard",'жами банкоматлар 2025'!$G:$G,"NCR 6622") -> 0 | Q46: =COUNTIFS('жами банкоматлар 2025'!$D:$D,$C46,'жами банкоматлар 2025'!$I:$I,"UzCard",'жами банкоматлар 2025'!$G:$G,"NCR 6623") -> 0 | R46: =COUNTIFS('жами банкоматлар 2025'!$D:$D,$C46,'жами банкоматлар 2025'!$I:$I,"UzCard",'жами банкоматлар 2025'!$G:$G,"NCR 6682") -> 0 | S46: =COUNTIFS('жами банкоматлар 2025'!$D:$D,$C46,'жами банкоматлар 2025'!$I:$I,"UzCard",'жами банкоматлар 2025'!$G:$G,"CINEO C2070") -> 0 | T46: =COUNTIFS('жами банкоматлар 2025'!$D:$D,$C46,'жами банкоматлар 2025'!$I:$I,"UzCard",'жами банкоматлар 2025'!$G:$G,"CINEO C4560") -> 0 | U46: =+P46+Q46+S46+T46 -> 0 | V46: =+U46+O46+J46 -> 0 | W46: 2 | X46: 292 | Y46: 356 | Z46: 1 | AA46: 1
A47: 45 | B47: 00432 | C47: 11193 | D47: Яшнобод БХМ | E47: =COUNTIFS('жами банкоматлар 2025'!$D:$D,$C47,'жами банкоматлар 2025'!$I:$I,"Humo",'жами банкоматлар 2025'!$G:$G,"CINEO C2040") -> 0 | F47: =COUNTIFS('жами банкоматлар 2025'!$D:$D,$C47,'жами банкоматлар 2025'!$I:$I,"Humo",'жами банкоматлар 2025'!$G:$G,"CINEO C2070") -> 0 | G47: =COUNTIFS('жами банкоматлар 2025'!$D:$D,$C47,'жами банкоматлар 2025'!$I:$I,"Humo",'жами банкоматлар 2025'!$G:$G,"NCR 6623") -> 0 | H47: =COUNTIFS('жами банкоматлар 2025'!$D:$D,$C47,'жами банкоматлар 2025'!$I:$I,"Humo",'жами банкоматлар 2025'!$G:$G,"NCR 6682") -> 0 | I47: =COUNTIFS('жами банкоматлар 2025'!$D:$D,$C47,'жами банкоматлар 2025'!$I:$I,"Humo",'жами банкоматлар 2025'!$G:$G,"GRG P5800") -> 0 | J47: =+E47+F47+G47+H47+I47 -> 0 | K47: =COUNTIFS('жами банкоматлар 2025'!$D:$D,$C47,'жами банкоматлар 2025'!$I:$I,"Way4",'жами банкоматлар 2025'!$G:$G,"NCR 6623") -> 0 | L47: =COUNTIFS('жами банкоматлар 2025'!$D:$D,$C47,'жами банкоматлар 2025'!$I:$I,"Way4",'жами банкоматлар 2025'!$G:$G,"NCR 6682") -> 0 | M47: =COUNTIFS('жами банкоматлар 2025'!$D:$D,$C47,'жами банкоматлар 2025'!$I:$I,"Way4",'жами банкоматлар 2025'!$G:$G,"CINEO C2070") -> 0 | N47: =COUNTIFS('жами банкоматлар 2025'!$D:$D,$C47,'жами банкоматлар 2025'!$I:$I,"Way4",'жами банкоматлар 2025'!$G:$G,"GRG P5800") -> 0 | O47: =+K47+L47+M47+N47 -> 0 | P47: =COUNTIFS('жами банкоматлар 2025'!$D:$D,$C47,'жами банкоматлар 2025'!$I:$I,"UzCard",'жами банкоматлар 2025'!$G:$G,"NCR 6622") -> 0 | Q47: =COUNTIFS('жами банкоматлар 2025'!$D:$D,$C47,'жами банкоматлар 2025'!$I:$I,"UzCard",'жами банкоматлар 2025'!$G:$G,"NCR 6623") -> 0 | R47: =COUNTIFS('жами банкоматлар 2025'!$D:$D,$C47,'жами банкоматлар 2025'!$I:$I,"UzCard",'жами банкоматлар 2025'!$G:$G,"NCR 6682") -> 0 | S47: =COUNTIFS('жами банкоматлар 2025'!$D:$D,$C47,'жами банкоматлар 2025'!$I:$I,"UzCard",'жами банкоматлар 2025'!$G:$G,"CINEO C2070") -> 0 | T47: =COUNTIFS('жами банкоматлар 2025'!$D:$D,$C47,'жами банкоматлар 2025'!$I:$I,"UzCard",'жами банкоматлар 2025'!$G:$G,"CINEO C4560") -> 0 | U47: =+P47+Q47+S47+T47 -> 0 | V47: =+U47+O47+J47 -> 0 | W47: 3 | X47: 285 | Y47: 335 | Z47: 1 | AA47: 1
A48: 46 | B48: 00400 | C48: 11187 | D48: Шахристон БХМ | E48: =COUNTIFS('жами банкоматлар 2025'!$D:$D,$C48,'жами банкоматлар 2025'!$I:$I,"Humo",'жами банкоматлар 2025'!$G:$G,"CINEO C2040") -> 0 | F48: =COUNTIFS('жами банкоматлар 2025'!$D:$D,$C48,'жами банкоматлар 2025'!$I:$I,"Humo",'жами банкоматлар 2025'!$G:$G,"CINEO C2070") -> 0 | G48: =COUNTIFS('жами банкоматлар 2025'!$D:$D,$C48,'жами банкоматлар 2025'!$I:$I,"Humo",'жами банкоматлар 2025'!$G:$G,"NCR 6623") -> 0 | H48: =COUNTIFS('жами банкоматлар 2025'!$D:$D,$C48,'жами банкоматлар 2025'!$I:$I,"Humo",'жами банкоматлар 2025'!$G:$G,"NCR 6682") -> 0 | I48: =COUNTIFS('жами банкоматлар 2025'!$D:$D,$C48,'жами банкоматлар 2025'!$I:$I,"Humo",'жами банкоматлар 2025'!$G:$G,"GRG P5800") -> 0 | J48: =+E48+F48+G48+H48+I48 -> 0 | K48: =COUNTIFS('жами банкоматлар 2025'!$D:$D,$C48,'жами банкоматлар 2025'!$I:$I,"Way4",'жами банкоматлар 2025'!$G:$G,"NCR 6623") -> 0 | L48: =COUNTIFS('жами банкоматлар 2025'!$D:$D,$C48,'жами банкоматлар 2025'!$I:$I,"Way4",'жами банкоматлар 2025'!$G:$G,"NCR 6682") -> 0 | M48: =COUNTIFS('жами банкоматлар 2025'!$D:$D,$C48,'жами банкоматлар 2025'!$I:$I,"Way4",'жами банкоматлар 2025'!$G:$G,"CINEO C2070") -> 0 | N48: =COUNTIFS('жами банкоматлар 2025'!$D:$D,$C48,'жами банкоматлар 2025'!$I:$I,"Way4",'жами банкоматлар 2025'!$G:$G,"GRG P5800") -> 0 | O48: =+K48+L48+M48+N48 -> 0 | P48: =COUNTIFS('жами банкоматлар 2025'!$D:$D,$C48,'жами банкоматлар 2025'!$I:$I,"UzCard",'жами банкоматлар 2025'!$G:$G,"NCR 6622") -> 0 | Q48: =COUNTIFS('жами банкоматлар 2025'!$D:$D,$C48,'жами банкоматлар 2025'!$I:$I,"UzCard",'жами банкоматлар 2025'!$G:$G,"NCR 6623") -> 0 | R48: =COUNTIFS('жами банкоматлар 2025'!$D:$D,$C48,'жами банкоматлар 2025'!$I:$I,"UzCard",'жами банкоматлар 2025'!$G:$G,"NCR 6682") -> 0 | S48: =COUNTIFS('жами банкоматлар 2025'!$D:$D,$C48,'жами банкоматлар 2025'!$I:$I,"UzCard",'жами банкоматлар 2025'!$G:$G,"CINEO C2070") -> 0 | T48: =COUNTIFS('жами банкоматлар 2025'!$D:$D,$C48,'жами банкоматлар 2025'!$I:$I,"UzCard",'жами банкоматлар 2025'!$G:$G,"CINEO C4560") -> 0 | U48: =+P48+Q48+S48+T48 -> 0 | V48: =+U48+O48+J48 -> 0 | W48: 1 | X48: 199 | Y48: 317 | Z48: 0 | AA48: 1
A49: 47 | B49: 00442 | C49: 11196 | D49: Ўрта бизнес БХМ | E49: =COUNTIFS('жами банкоматлар 2025'!$D:$D,$C49,'жами банкоматлар 2025'!$I:$I,"Humo",'жами банкоматлар 2025'!$G:$G,"CINEO C2040") -> 0 | F49: =COUNTIFS('жами банкоматлар 2025'!$D:$D,$C49,'жами банкоматлар 2025'!$I:$I,"Humo",'жами банкоматлар 2025'!$G:$G,"CINEO C2070") -> 0 | G49: =COUNTIFS('жами банкоматлар 2025'!$D:$D,$C49,'жами банкоматлар 2025'!$I:$I,"Humo",'жами банкоматлар 2025'!$G:$G,"NCR 6623") -> 0 | H49: =COUNTIFS('жами банкоматлар 2025'!$D:$D,$C49,'жами банкоматлар 2025'!$I:$I,"Humo",'жами банкоматлар 2025'!$G:$G,"NCR 6682") -> 0 | I49: =COUNTIFS('жами банкоматлар 2025'!$D:$D,$C49,'жами банкоматлар 2025'!$I:$I,"Humo",'жами банкоматлар 2025'!$G:$G,"GRG P5800") -> 0 | J49: =+E49+F49+G49+H49+I49 -> 0 | K49: =COUNTIFS('жами банкоматлар 2025'!$D:$D,$C49,'жами банкоматлар 2025'!$I:$I,"Way4",'жами банкоматлар 2025'!$G:$G,"NCR 6623") -> 0 | L49: =COUNTIFS('жами банкоматлар 2025'!$D:$D,$C49,'жами банкоматлар 2025'!$I:$I,"Way4",'жами банкоматлар 2025'!$G:$G,"NCR 6682") -> 0 | M49: =COUNTIFS('жами банкоматлар 2025'!$D:$D,$C49,'жами банкоматлар 2025'!$I:$I,"Way4",'жами банкоматлар 2025'!$G:$G,"CINEO C2070") -> 0 | N49: =COUNTIFS('жами банкоматлар 2025'!$D:$D,$C49,'жами банкоматлар 2025'!$I:$I,"Way4",'жами банкоматлар 2025'!$G:$G,"GRG P5800") -> 0 | O49: =+K49+L49+M49+N49 -> 0 | P49: =COUNTIFS('жами банкоматлар 2025'!$D:$D,$C49,'жами банкоматлар 2025'!$I:$I,"UzCard",'жами банкоматлар 2025'!$G:$G,"NCR 6622") -> 0 | Q49: =COUNTIFS('жами банкоматлар 2025'!$D:$D,$C49,'жами банкоматлар 2025'!$I:$I,"UzCard",'жами банкоматлар 2025'!$G:$G,"NCR 6623") -> 0 | R49: =COUNTIFS('жами банкоматлар 2025'!$D:$D,$C49,'жами банкоматлар 2025'!$I:$I,"UzCard",'жами банкоматлар 2025'!$G:$G,"NCR 6682") -> 0 | S49: =COUNTIFS('жами банкоматлар 2025'!$D:$D,$C49,'жами банкоматлар 2025'!$I:$I,"UzCard",'жами банкоматлар 2025'!$G:$G,"CINEO C2070") -> 0 | T49: =COUNTIFS('жами банкоматлар 2025'!$D:$D,$C49,'жами банкоматлар 2025'!$I:$I,"UzCard",'жами банкоматлар 2025'!$G:$G,"CINEO C4560") -> 0 | U49: =+P49+Q49+S49+T49 -> 0 | V49: =+U49+O49+J49 -> 0 | W49: 4 | X49: 1500 | Y49: 1983 | Z49: 1 | AA49: 1
A50: 48 | B50: 00440 | C50: 11640 | D50: Корпоратив БХМ | E50: =COUNTIFS('жами банкоматлар 2025'!$D:$D,$C50,'жами банкоматлар 2025'!$I:$I,"Humo",'жами банкоматлар 2025'!$G:$G,"CINEO C2040") -> 0 | F50: =COUNTIFS('жами банкоматлар 2025'!$D:$D,$C50,'жами банкоматлар 2025'!$I:$I,"Humo",'жами банкоматлар 2025'!$G:$G,"CINEO C2070") -> 0 | G50: =COUNTIFS('жами банкоматлар 2025'!$D:$D,$C50,'жами банкоматлар 2025'!$I:$I,"Humo",'жами банкоматлар 2025'!$G:$G,"NCR 6623") -> 0 | H50: =COUNTIFS('жами банкоматлар 2025'!$D:$D,$C50,'жами банкоматлар 2025'!$I:$I,"Humo",'жами банкоматлар 2025'!$G:$G,"NCR 6682") -> 0 | I50: =COUNTIFS('жами банкоматлар 2025'!$D:$D,$C50,'жами банкоматлар 2025'!$I:$I,"Humo",'жами банкоматлар 2025'!$G:$G,"GRG P5800") -> 0 | J50: =+E50+F50+G50+H50+I50 -> 0 | K50: =COUNTIFS('жами банкоматлар 2025'!$D:$D,$C50,'жами банкоматлар 2025'!$I:$I,"Way4",'жами банкоматлар 2025'!$G:$G,"NCR 6623") -> 0 | L50: =COUNTIFS('жами банкоматлар 2025'!$D:$D,$C50,'жами банкоматлар 2025'!$I:$I,"Way4",'жами банкоматлар 2025'!$G:$G,"NCR 6682") -> 0 | M50: =COUNTIFS('жами банкоматлар 2025'!$D:$D,$C50,'жами банкоматлар 2025'!$I:$I,"Way4",'жами банкоматлар 2025'!$G:$G,"CINEO C2070") -> 0 | N50: =COUNTIFS('жами банкоматлар 2025'!$D:$D,$C50,'жами банкоматлар 2025'!$I:$I,"Way4",'жами банкоматлар 2025'!$G:$G,"GRG P5800") -> 0 | O50: =+K50+L50+M50+N50 -> 0 | P50: =COUNTIFS('жами банкоматлар 2025'!$D:$D,$C50,'жами банкоматлар 2025'!$I:$I,"UzCard",'жами банкоматлар 2025'!$G:$G,"NCR 6622") -> 0 | Q50: =COUNTIFS('жами банкоматлар 2025'!$D:$D,$C50,'жами банкоматлар 2025'!$I:$I,"UzCard",'жами банкоматлар 2025'!$G:$G,"NCR 6623") -> 0 | R50: =COUNTIFS('жами банкоматлар 2025'!$D:$D,$C50,'жами банкоматлар 2025'!$I:$I,"UzCard",'жами банкоматлар 2025'!$G:$G,"NCR 6682") -> 0 | S50: =COUNTIFS('жами банкоматлар 2025'!$D:$D,$C50,'жами банкоматлар 2025'!$I:$I,"UzCard",'жами банкоматлар 2025'!$G:$G,"CINEO C2070") -> 0 | T50: =COUNTIFS('жами банкоматлар 2025'!$D:$D,$C50,'жами банкоматлар 2025'!$I:$I,"UzCard",'жами банкоматлар 2025'!$G:$G,"CINEO C4560") -> 0 | U50: =+P50+Q50+S50+T50 -> 0 | V50: =+U50+O50+J50 -> 0 | W50: 1 | X50: 214 | Y50: 249 | Z50: 2 | AA50: 2
A51: ЖАМИ: | E51: =SUM(E3:E50) -> 0 | F51: =SUM(F3:F50) -> 0 | G51: =SUM(G3:G50) -> 0 | H51: =SUM(H3:H50) -> 0 | I51: =SUM(I3:I50) -> 0 | J51: =SUM(J3:J50) -> 0 | K51: =SUM(K3:K50) -> 0 | L51: =SUM(L3:L50) -> 0 | ... AA51: =SUM(AA3:AA50) -> 45
P53: ЖАМИ БАНКОМАТ СОНИ: | U53: =+J51+O51+U51 -> 1

Sheet Cash In
A2: № | B2: МФО | C2: МФО | D2: Худуд | E2: Филиал | G2: Модели | H2: Тўлов тизими тури | I2: Серия рақами | J2: Merchant id | K2: Term id | L2: Манзили | M2: Мўлжал | N2: Геолокация (alt) | O2: Геолокация (long) | P2: Транзит х/р (23504) | R2: Пополнение
A3: 1 | B3: 00051 | C3: 11087 | D3: Андижон вилояти | E3: Хонобод БХМ | G3: CINEO C2070 | H3: UzCard | I3: 5310179532 | J3: 900335183 | K3: 36845 | L3: Андижон вилояти, Хонобод шахар, Хонобод МФЙ Хонобод кўчаси | M3: Хонобод Мажмуа олдида | N3: 40.808556 | O3: 72.971165 | P3: 23504000900011087601 | Q3: 10107000800011087601 | R3: +
A4: 2 | B4: 00051 | C4: 11087 | D4: Андижон вилояти | E4: Хонобод БХМ | G4: CINEO C2070 | H4: UzCard | I4: 5310179516 | J4: 900374844 | K4: 78649 | L4: Андижон вилояти, Хонобод шахар, Истиқлол МФЙ Фароғат кўчаси 2-уй | M4: Хонобод Халқбанк олдида | N4: 40.78147 | O4: 72.331291 | P4: 23504000100011081800 | Q4: 10107000900011081800 | R4: +
A5: 3 | B5: 00075 | C5: 11081 | D5: Андижон вилояти | E5: Андижон худудий БХО | G5: NCR 6682 | H5: HUMO | I5: 57526893 | J5: 000750000007505 | K5: 027A099Q | L5: Андижон шахар Бобур шох 36 уй | M5: Андижон National мехмонхонаси | N5: 40.778271 | O5: 72.352106 | P5: 23504000300011081801 | Q5: 10107000200011081801 | R5: -
A6: 4 | B6: 00075 | C6: 11081 | D6: Андижон вилояти | E6: Андижон худудий БХО | G6: CINEO C2070 | H6: HUMO | I6: 5310176939 | J6: 000750000007507 | K6: 027A0DMO | L6: Андижон ш Чоргузар МФЙ Чоргузар кучаси | M6: Андижон Шахар 2-тугрук комплекси | N6: 40.78147 | O6: 72.331291 | P6: 23504000700011081602 | Q6: 10107000600011081602 | R6: +
A7: 5 | B7: 00075 | C7: 11081 | D7: Андижон вилояти | E7: Андижон худудий БХО | G7: CINEO C2070 | H7: UzCard | I7: 5310179247 | J7: 900334959 | K7: 36586 | L7: Андижон шахар Бобур шох 36 уй | M7: Андижон National мехмонхонаси | N7: 40.760364 | O7: 72.348612 | P7: 23504000900011081613 | Q7: 10107000000011081613 | R7: +
A8: 6 | B8: 00075 | C8: 11081 | D8: Андижон вилояти | E8: Андижон худудий БХО | F8: Бунёдкор БХМ | G8: CINEO C2070 | H8: UzCard | I8: 5310179519 | J8: 900364720 | K8: 68606 | L8: Андижон ш Амур темур 24 уй | M8: Андижон шахар Авто вокзал | N8: 40.750372 | O8: 72.370572 | P8: 23504000100011081614 | Q8: 10107000900011081614 | R8: +
A9: 7 | B9: 00075 | C9: 11081 | D9: Андижон вилояти | E9: Андижон худудий БХО | F9: Бунёдкор БХМ | G9: CINEO C2070 | H9: UzCard | I9: 5310179536 | J9: 900364722 | K9: 68608 | L9: Андижон вилояти, Андижон шахар Тошкент кўчаси 42 уй | M9: Андижон вилоят Перинатал маркази олдида | N9: 40.783272 | O9: 72.345338 | P9: 23504000200011081615 | Q9: 10107000100011081615 | R9: -
A10: 8 | B10: 00075 | C10: 11081 | D10: Андижон вилояти | E10: Андижон худудий БХО | F10: Бунёдкор БХМ | G10: CINEO C2070 | H10: UzCard | I10: 5310179500 | J10: 900364723 | K10: 68609 | L10: Андижон ш Ўзбекистон кўчаси 86 уй | M10: Plaza Мехмонхонаси | N10: 40.760364 | O10: 72.348612 | P10: 23504000700011081813 | Q10: 10107000600011081813 | R10: +
A11: 9 | B11: 00075 | C11: 11081 | D11: Андижон вилояти | E11: Андижон худудий БХО | F11: Бунёдкор БХМ | G11: NCR 6682 | H11: HUMO | I11: 57526858 | J11: 00075000110810A | K11: 027A1GCO | L11: Андижон ш Амур темур 24 уй | M11: Андижон шахар Авто вокзал | N11: 39.779836 | O11: 64.400478 | P11: 23504000700010852609 | Q11: 10107000600010852609 | R11: -
A12: 10 | B12: 00086 | C12: 10852 | D12: Бухоро вилояти | E12: Бухоро худудий БХО | G12: CINEO C2070 | H12: UzCard | I12: 5310179511 | J12: 900366834 | K12: 70700 | L12: Бухоро вилояти, Бухоро шахар Ибн Сино кўчаси 1 уй | M12: Марказий Бозор худудида жойлашган 24/7 шахобча | N12: 39.779836 | O12: 64.400478 | P12: 23504000400010852804 | Q12: 10107000300010852804 | R12: -
A13: 11 | B13: 00086 | C13: 10852 | D13: Бухоро вилояти | E13: Бухоро худудий БХО | G13: CINEO C2070 | H13: HUMO | I13: 5310178979 | J13: 00086000000860T | K13: 027A0DSY | L13: Бухоро вилояти, Бухоро шахар Ибн Сино кўчаси 1 уй | M13: Марказий Бозор худудида жойлашган 24/7 шахобча | N13: 39.763984 | O13: 64.424470 | P13: 23504000500010852610 | Q13: 10107000400010852610 | R13: +
A14: 12 | B14: 00086 | C14: 10852 | D14: Бухоро вилояти | E14: Бухоро худудий БХО | F14: Тукимачилик БХМ | G14: CINEO C4560 | H14: UzCard | I14: 5310138122 | J14: 900365915 | K14: 69812 | L14: Бухоро шахар Навоий шох кўчаси 5 уй | M14: Тукимачилик БХМ биноси олдида жойлашган 24/7 шахобча | N14: 39.763984 | O14: 64.424470 | P14: 23504000000010852810 | Q14: 10107000900010852810 | R14: +
A15: 13 | B15: 00086 | C15: 10852 | D15: Бухоро вилояти | E15: Бухоро худудий БХО | F15: Тукимачилик БХМ | G15: NCR 6682 | H15: HUMO | I15: 57526909 | J15: 000860001085215 | K15: 027A1GV5 | L15: Бухоро шахар Навоий шох кўчаси 5 уй | M15: Тукимачилик БХМ биноси олдида жойлашган 24/7 шахобча | N15: 40.131154 | O15: 63.450835 | P15: 23504000900010852616 | Q15: 10107000000010852616 | R15: -
A16: 14 | B16: 00086 | C16: 10852 | D16: Бухоро вилояти | E16: Бухоро худудий БХО | F16: Тукимачилик БХМ | G16: CINEO C2070 | H16: UzCard | I16: 5310179526 | J16: 900365925 | K16: 69820 | L16: Газли шахар, Амир Темур кучаси9-уй | M16: Газли шахар марказидаги мини маркет ичида жойлашган | N16: 39.773760 | O16: 64.418975 | P16: 23504000800010852613 | Q16: 10107000700010852613 | R16: +
A17: 15 | B17: 00086 | C17: 10852 | D17: Бухоро вилояти | E17: Бухоро худудий БХО | F17: Тукимачилик БХМ | G17: CINEO C2070 | H17: UzCard | I17: 5310179660 | J17: 900365921 | K17: 69816 | L17: Бухоро шахри M. Анбар кучаси | M17: Asia Buxara Hotel | N17: 39.725743 | O17: 64.545079 | P17: 23504000000010852620 | Q17: 10107000900010852620 | R17: -
A18: 16 | B18: 00086 | C18: 10852 | D18: Бухоро вилояти | E18: Бухоро худудий БХО | F18: Коровулбозор БХМ | G18: CINEO C2070 | H18: UzCard | I18: 5310179313 | J18: 900366139 | K18: 70024 | L18: Когон шахар Бухоро шох кучаси | M18: Когон БХМ биносида жойлашган 24/7 | N18: 40.112964 | O18: 65.357957 | P18: 23504000700010900800 | Q18: 10107000600010900800 | R18: +
A19: 17 | B19: 00207 | C19: 10900 | D19: Навоий вилояти | E19: Навоий худудий БХО | G19: NCR 6682 | H19: HUMO | I19: 57526836 | J19: 002070000020706 | K19: 027A09GO | L19: Навоий шахар Меъморлар кўчаси 7 уй | M19: Банк биноси қошида 24/7 | N19: 40.112617 | O19: 65.376497 | P19: 23504000400010900804 | Q19: 10107000300010900804 | R19: +
A20: 18 | B20: 00207 | C20: 10900 | D20: Навоий вилояти | E20: Навоий худудий БХО | G20: CINEO C2070 | H20: HUMO | I20: 5310179011 | J20: 00207000002070M | K20: 027A0DP2 | L20: Навоий шахар Ғалаба шох кучаси 204 уй | M20: "Дархон" курилиш материаллари бозори 24/7 | N20: 40.112617 | O20: 65.376497 | P20: 23504000200010900603 | Q20: 10107000100010900603 | R20: +
A21: 19 | B21: 00207 | C21: 10900 | D21: Навоий вилояти | E21: Навоий худудий БХО | G21: CINEO C2070 | H21: UzCard | I21: 5310179471 | J21: 900334340 | K21: 35930 | L21: Навоий шахар Ғалаба шох кучаси 204 уй | M21: "Дархон" курилиш материаллари бозори 24/7 | N21: 40.100793 | O21: 65.374877 | P21: 23504000900010900602 | Q21: 10107000000010900602 | R21: +
A22: 20 | B22: 00207 | C22: 10900 | D22: Навоий вилояти | E22: Навоий худудий БХО | G22: CINEO C2070 | H22: UzCard | I22: 5310179429 | J22: 900351667 | K22: 54876 | L22: Навоий шахар И.Каримов кўчаси 7 уй | M22: ЦУМ шахар савдо маркази 24/7 | N22: 41.00586 | O22: 71.63588 | P22: 23504000200011083800 | Q22: 10107000100011083800 | R22: +
A23: 21 | B23: 00224 | C23: 11083 | D23: Наманган вилояти | E23: Наманган худудий БХО | G23: NCR 6682 | H23: HUMO | I23: 57526907 | J23: 002240000022404 | K23: 027A09GW | L23: Фурқат МФЙ, И.Каримов кўчаси ,19-уй | M23: Саноатқурилишбанк биноси олдида 24/7 | N23: 41.19268 | O23: 71.72567 | P23: 23504000000011083601 | Q23: 10107000900011083601 | R23: +
A24: 22 | B24: 00224 | C24: 11083 | D24: Наманган вилояти | E24: Наманган худудий БХО | G24: CINEO C2070 | H24: UzCard | I24: 5310179823 | J24: 900334957 | K24: 36584 | L24: Янгикургон Саноатқурилишбанк Банк хизматлари маркази | M24: Туман Хокимлиги биноси рўпарасида | N24: 38.4126630 | O24: 67.956431 | P24: 23504000900011093602 | Q24: 10107000800011093602 | R24: +
A25: 23 | B25: 00354 | C25: 11093 | D25: Сурхондарё вилояти | E25: Сариосиё БХМ | G25: CINEO C2070 | H25: UzCard | I25: 5310179813 | J25: 900334990 | K25: 36618 | L25: Сариосиё туман М Улугбек кучаси | M25: Сариосиё туман Дехкон бозор худуди | N25: 38.403142 | O25: 67.963949 | P25: 23504000100011093801 | Q25: 10107000900011093801 | R25: +
A26: 24 | B26: 00354 | C26: 11093 | D26: Сурхондарё вилояти | E26: Сариосиё БХМ | G26: CINEO C2070 | H26: HUMO | I26: 5310179041 | J26: 00354000003540C | K26: 027A0DTL | L26: Сариосиё туман А Каххор куча 7-уй | M26: Саноаткурилишбанк Сариосиё филиали биносида | N26: 40.439417 | O26: 71.771487 | P26: 23504000700011089801 | Q26: 10107000600011089801 | R26: +
A27: 25 | B27: 00494 | C27: 11082 | D27: Фарғона вилояти | E27: Фаргона худудий БХО | G27: CINEO C2070 | H27: UzCard | I27: 5310179373 | J27: 900374885 | K27: 78698 | L27: Фарғона вилояти, Фаргона шахар, Қомус кўчаси, 42 уй | M27: Банк биноси | N27: 40.474084 | O27: 71.752092 | P27: 23504000700011089603 | Q27: 10107000600011089603 | R27: +
A28: 26 | B28: 00524 | C28: 11089 | D28: Фарғона вилояти | E28: Киргули БХМ | G28: CINEO C2070 | H28: HUMO | I28: 5310178731 | J28: 005240000052406 | K28: 027A0DNL | L28: Фарғона ш. Фарғона к. 19 уй | M28: 24/7 | N28: 40.477249 | O28: 71.724930 | P28: 23504000900011089615 | Q28: 10107000000011089615 | R28: -
A29: 27 | B29: 00524 | C29: 11089 | D29: Фарғона вилояти | E29: Киргули БХМ | G29: CINEO C2070 | H29: UzCard | I29: 5310179687 | J29: 900351951 | K29: 55196 | L29: Марғилон ш. Б.Машраб кўчаси 24/7 | M29: Комбинат буюм бозори олди | N29: 40.385098 | O29: 71.789282 | P29: 23504000100011089809 | Q29: 10107000900011089809 | R29: +
A30: 28 | B30: 00524 | C30: 11089 | D30: Фарғона вилояти | E30: Киргули БХМ | F30: Фаргона худудий БХО | G30: CINEO C2070 | H30: UzCard | I30: 5310179592 | J30: 900366486 | K30: 70381 | L30: Марғилон ш. Б.Марғилоний 107 | M30: 24/7 | N30: 40.385098 | O30: 71.789282 | P30: 23504000900011089811 | Q30: 10107000800011089811 | R30: -
A31: 29 | B31: 00524 | C31: 11089 | D31: Фарғона вилояти | E31: Киргули БХМ | F31: Фаргона худудий БХО | G31: NCR 6682 | H31: HUMO | I31: 57526908 | J31: 005240001108909 | K31: 027A1H2C | L31: Фаргона ш. Қомус кўча 42 уй | M31: 24/7 (Б/Ё) | N31: 40.526647 | O31: 70.920275 | P31: 23504000000011090602 | Q31: 10107000900011090602 | R31: +
A32: 30 | B32: 00524 | C32: 11089 | D32: Фарғона вилояти | E32: Киргули БХМ | F32: Фаргона худудий БХО | G32: CINEO C2070 | H32: HUMO | I32: 5310178723 | J32: 00524000110890A | K32: 027A1H2E | L32: Фаргона ш. Қомус кўча 42 уй | M32: 24/7 (Б/Ё) | N32: 40.526647 | O32: 70.920275 | P32: 23504000800011090801 | Q32: 10107000700011090801 | R32: +
A33: 31 | B33: 00531 | C33: 11090 | D33: Фарғона вилояти | E33: Қўқон БХМ | G33: CINEO C2070 | H33: UzCard | I33: 5310179385 | J33: 900334457 | K33: 36057 | L33: Фарғона вилояти, Қўқон шахар Мовороуннахр 94-уй 94-уй | M33: Банк хизматлари маркази | N33: 40.526439 | O33: 70.939208 | P33: 23504000800011090601 | Q33: 10107000700011090601 | R33: +
A34: 32 | B34: 00531 | C34: 11090 | D34: Фарғона вилояти | E34: Қўқон БХМ | G34: NCR 6682 | H34: HUMO | I34: 57526904 | J34: 005310000053108 | K34: 027A094C | L34: Фарғона вилояти, Қўқон шахар Мовороуннахр 94-уй 94-уй | M34: Банк хизматлари маркази | N34: 40.526439 | O34: 70.939208 | P34: 23504000000011090802 | Q34: 10107000900011090802 | R34: +
A35: 33 | B35: 00531 | C35: 11090 | D35: Фарғона вилояти | E35: Қўқон БХМ | G35: CINEO C2070 | H35: UzCard | I35: 5310179412 | J35: 900334401 | K35: 36035 | L35: Фарғона вилояти, Қўқон шахар А.Темур кўчаси 1а-уй 1а-уй | M35: Банк биноси | N35: 43.049262 | O35: 58.834129 | P35: 23504000200010902800 | Q35: 10107000100010902800 | R35: +
A36: 34 | B36: 00531 | C36: 11090 | D36: Фарғона вилояти | E36: Қўқон БХМ | G36: NCR 6682 | H36: HUMO | I36: 57526860 | J36: 005310000053107 | K36: 027A094A | L36: Фарғона вилояти, Қўқон шахар А.Темур кўчаси 1а-уй 1а-уй | M36: Банк биноси | N36: 43.049262 | O36: 58.834129 | P36: 23504000800010902601 | Q36: 10107000700010902601 | R36: +
A37: 35 | B37: 00591 | C37: 10902 | D37: Қорақалпоғистон Республикаси | E37: Кунгирот БХМ | G37: NCR 6682 | H37: HUMO | I37: 57526895 | J37: 005910000059107 | K37: 027A0CI8 | L37: Қорақолпоғистон республикаси, Қўнғирот тумани Т.Айбергенов 48 уй | M37: Кунгирот т. (Банк биноси кошида 24/7) | N37: 42.4168379 | O37: 59.4439089 | P37: 23504000500010901602 | Q37: 10107000400010901602 | R37: +
A38: 36 | B38: 00591 | C38: 10902 | D38: Қорақалпоғистон Республикаси | E38: Кунгирот БХМ | G38: CINEO C2070 | H38: UzCard | I38: 5310179574 | J38: 900334964 | K38: 36592 | L38: Қорақолпоғистон республикаси, Қўнғирот тумани Т.Айбергенов 48 уй | M38: Кунгирот т. (Банк биноси кошида 24/7) | N38: 42.4115040 | O38: 59.4532460 | P38: 23504000300010901601 | Q38: 10107000200010901601 | R38: +
A39: 37 | B39: 00616 | C39: 10901 | D39: Қорақалпоғистон Республикаси | E39: Тахиатош БХМ | G39: CINEO C2070 | H39: UzCard | I39: 5310179567 | J39: 900334581 | K39: 36186 | L39: Қорақолпоғистон республикаси, Хужайли тумани, Ғарезсизлик кўчаси (Бозор) | M39: 24/7 (Хужайли т Дехкон базор) | N39: 42.333011 | O39: 59.580406 | P39: 23504000700010901603 | Q39: 10107000600010901603 | R39: +
A40: 38 | B40: 00616 | C40: 10901 | D40: Қорақалпоғистон Республикаси | E40: Тахиатош БХМ | G40: CINEO C2070 | H40: UzCard | I40: 5310179358 | J40: 900334550 | K40: 36154 | L40: Қорақолпоғистон республикаси, Хужайли тумани Ғарезсизлик кўчаси, 29 (БХМ) | M40: Хужайли БХМ биносида 24/7 | N40: 41.5656466 | O40: 60.6078396 | P40: 23504000000010899606 | Q40: 10107000900010899606 | R40: -
A41: 39 | B41: 00616 | C41: 10901 | D41: Қорақалпоғистон Республикаси | E41: Тахиатош БХМ | G41: CINEO C2070 | H41: UzCard | I41: 5310179436 | J41: 900345843 | K41: 48709 | L41: Қорақолпоғистон республикаси, Тахиатош тумани М. Жумабаев р.у | M41: Тахиатош туман Дехкон базор худуди | N41: 41.5513590 | O41: 60.6302100 | P41: 23504000500010899609 | Q41: 10107000400010899609 | R41: +
A42: 40 | B42: 00853 | C42: 10899 | D42: Хоразм вилояти | E42: Хоразм худудий БХО | G42: CINEO C4560 | H42: UzCard | I42: 5310137971 | J42: 900330901 | K42: 32143 | L42: Урганч шахар П.Махмуд Байналминалчи | M42: Урганч шахар стадион | N42: 41.377344 | O42: 60.360317 | P42: 23504000100010899607 | Q42: 10107000900010899607 | R42: -
A43: 41 | B43: 00853 | C43: 10899 | D43: Хоразм вилояти | E43: Хоразм худудий БХО | G43: CINEO C2070 | H43: UzCard | I43: 5310179488 | J43: 900334283 | K43: 35836 | L43: Урганч шахар И.Каримов 128 | M43: Банк биноси 24/7 | N43: 41.5656466 | O43: 60.6078396 | P43: 23504000100010899805 | Q43: 10107000900010899805 | R43: -
A44: 42 | B44: 00853 | C44: 10899 | D44: Хоразм вилояти | E44: Хоразм худудий БХО | G44: CINEO C4560 | H44: UzCard | I44: 5310137954 | J44: 900330903 | K44: 32144 | L44: Хива шахар, Ичан-Кала мажмуаси | M44: Хива Ичан-Кала | N44: 41.554574 | O44: 60.631778 | P44: 23504000500010899612 | Q44: 10107000400010899612 | R44: -
A45: 43 | B45: 00853 | C45: 10899 | D45: Хоразм вилояти | E45: Хоразм худудий БХО | G45: CINEO C2070 | H45: HUMO | I45: 5310179032 | J45: 00853000008530K | K45: 027A0DLB | L45: Урганч шахар П.Махмуд Байналминалчи | M45: Урганч шахар стадион | N45: 38.8302720 | O45: 65.7931080 | P45: 23504000300011085800 | Q45: 10107000200011085800 | R45: +
A46: 44 | B46: 00853 | C46: 10899 | D46: Хоразм вилояти | E46: Хоразм худудий БХО | G46: CINEO C4560 | H46: UzCard | I46: 5310137814 | J46: 900346813 | K46: 49682 | L46: Урганч шахар Ал Хоразмий куча 50/40 | M46: Миллийбанк рупараси | N46: 38.8302720 | O46: 65.7931080 | P46: 23504000900011085804 | Q46: 10107000000011085804 | R46: +
A47: 45 | B47: 00854 | C47: 11085 | D47: Қашқадарё вилояти | E47: Кашкадарё худудий БХО | G47: NCR 6682 | H47: HUMO | I47: 57526897 | J47: 008540000085406 | K47: 027A09PT | L47: Карши ш. Хонабод шоссе 2 а уй | M47: 24/7 | N47: 39.032387 | O47: 67.110001 | P47: 23504000100011085605 | Q47: 10107000900011085605 | R47: +
A48: 46 | B48: 00854 | C48: 11085 | D48: Қашқадарё вилояти | E48: Кашкадарё худудий БХО | G48: CINEO C2070 | H48: HUMO | I48: 5310179008 | J48: 00854000008540D | K48: 027A0DTU | L48: Карши ш. Хонабод шоссе 2 а уй | M48: 24/7 | N48: 40.495597 | O48: 68.778259 | P48: 23504000900011197800 | Q48: 10107000800011197800 | R48: +
A49: 47 | B49: 00854 | C49: 11085 | D49: Қашқадарё вилояти | E49: Кашкадарё худудий БХО | G49: CINEO C2070 | H49: UzCard | I49: 5310179408 | J49: 900334516 | K49: 36340 | L49: Қашқадарьё вилояти, Шахрисабз тумани, Мираки МФЙ, А.Навои кўчаси, 31- уй | M49: Days Inn by Wyndham мехмонхонаси худудида | N49: 40.477322 | O49: 68.781989 | P49: 23504000500011197602 | Q49: 10107000400011197602 | R49: +
A50: 48 | B50: 00855 | C50: 11197 | D50: Сирдарё вилояти | E50: Сирдарё худудий БХО | G50: NCR 6682 | H50: HUMO | I50: 57526910 | J50: 008550000085508 | K50: 027A09HD | L50: А.Навои кўчаси, 48 уй | M50: Банк биноси | N50: 40.2737837 | O50: 68.8282347 | P50: 23504000700011197603 | Q50: 10107000600011197603 | R50: +
A51: 49 | B51: 00855 | C51: 11197 | D51: Сирдарё вилояти | E51: Сирдарё худудий БХО | G51: CINEO C2070 | H51: UzCard | I51: 5310179771 | J51: 900334737 | K51: 36328 | L51: Гулистон ш., Каттакургон кучаси, 57 | M51: Гулистон дехкон бозор | N51: 41.486666 | O51: 69.940655 | P51: 23504000000011201606 | Q51: 10107000900011201606 | R51: +
A52: 50 | B52: 00855 | C52: 11197 | D52: Сирдарё вилояти | E52: Сирдарё худудий БХО | G52: CINEO C2070 | H52: UzCard | I52: 5310179760 | J52: 900335065 | K52: 36713 | L52: Янгиер шахар, А.Темур кўчаси, 3 уй | M52: Янгиер ш Элмакон магазини | N52: 41.447076 | O52: 69.560678 | P52: 23504000800011201605 | Q52: 10107000700011201605 | R52: +
A53: 51 | B53: 00863 | C53: 11201 | D53: Тошкент вилояти | E53: Чирчиқ БХМ | G53: CINEO C2070 | H53: UzCard | I53: 5310179716 | J53: 900334766 | K53: 36377 | L53: Бўстонлиқ туман Ғазалкент МФЙ Амирсой кўчаси 56-уй | M53: Амирсой | N53: 41.489175 | O53: 69.943334 | P53: 23504000600011201604 | Q53: 10107000500011201604 | R53: +
A54: 52 | B54: 00863 | C54: 11201 | D54: Тошкент вилояти | E54: Чирчиқ БХМ | G54: CINEO C2070 | H54: UzCard | I54: 5310179720 | J54: 900334765 | K54: 36376 | L54: Чирчиқ ш. Халқ бирлиги кўча кесишуви | M54: Макро | N54: 41.453656 | O54: 69.566843 | P54: 23504000200011201602 | Q54: 10107000100011201602 | R54: +
A55: 53 | B55: 00863 | C55: 11201 | D55: Тошкент вилояти | E55: Чирчиқ БХМ | G55: CINEO C2070 | H55: UzCard | I55: 5310179776 | J55: 900334764 | K55: 36375 | L55: Бўстонлиқ туман Ғазалкент МФЙ Амирсой кўчаси 56-уй | M55: Амирсой | N55: 41.453656 | O55: 69.566843 | P55: 23504000200011201803 | Q55: 10107000100011201803 | R55: +
A56: 54 | B56: 00863 | C56: 11201 | D56: Тошкент вилояти | E56: Чирчиқ БХМ | G56: CINEO C2070 | H56: UzCard | I56: 5310179449 | J56: 900334364 | K56: 35959 | L56: Чирчиқ ш. А.Навоий куча 187 уй | M56: Боссув Бекати | N56: 41.447076 | O56: 69.560678 | P56: 23504000900011201802 | Q56: 10107000000011201802 | R56: +
A57: 55 | B57: 00863 | C57: 11201 | D57: Тошкент вилояти | E57: Чирчиқ БХМ | G57: CINEO C2070 | H57: HUMO | I57: 5310179058 | J57: 00863000008630I | K57: 027A0DJJ | L57: Чирчиқ ш. А.Навоий куча 187 уй | M57: Боссув Бекати | N57: 41.447076 | O57: 69.560678 | P57: 23504000100011201607 | Q57: 10107000900011201607 | R57: +
A58: 56 | B58: 00863 | C58: 11201 | D58: Тошкент вилояти | E58: Чирчиқ БХМ | G58: NCR 6682 | H58: HUMO | I58: 57526899 | J58: 00863000008630H | K58: 027A0CKL | L58: Чирчиқ ш. Халқ бирлиги кўча кесишуви | M58: Макро | N58: 42.457951 | O58: 59.604826 | P58: 23504000100010898802 | Q58: 10107000900010898802 | R58: +
A59: 57 | B59: 00863 | C59: 11201 | D59: Тошкент вилояти | E59: Чирчиқ БХМ | G59: CINEO C2070 | H59: UzCard | I59: 5310179707 | J59: 900335319 | K59: 36977 | L59: Чирчиқ ш. Халқ бирлиги кўча кесишуви | M59: Макро | N59: 42.457721 | O59: 59.609035 | P59: 23504000800010898603 | Q59: 10107000700010898603 | R59: +
A60: 58 | B60: 00868 | C60: 10898 | D60: Қорақалпоғистон Республикаси | E60: Қорақалпогистон худудий БХО | G60: NCR 6682 | H60: HUMO | I60: 57526884 | J60: 008680000086807 | K60: 027A091H | L60: Нукус шахри Ўзбекистон кўчаси, 39 | M60: TASHKENT HOTEL биносида жойлашган | N60: 42.464823 | O60: 59.603226 | P60: 23504000000010898604 | Q60: 10107000900010898604 | R60: +
A61: 59 | B61: 00868 | C61: 10898 | D61: Қорақалпоғистон Республикаси | E61: Қорақалпогистон худудий БХО | G61: CINEO C2070 | H61: UzCard | I61: 5310179197 | J61: 900334525 | K61: 36133 | L61: Нукус шахри А. Шамуратова кўчаси 117-А уй | M61: 24/7 (эски банк биноси кошида) | N61: 41.840423 | O61: 60.908198 | P61: 23504000400010756800 | Q61: 10107000300010756800 | R61: +
A62: 60 | B62: 00868 | C62: 10898 | D62: Қорақалпоғистон Республикаси | E62: Қорақалпогистон худудий БХО | G62: CINEO C2070 | H62: UzCard | I62: 5310179479 | J62: 900334526 | K62: 36143 | L62: Нукус шахри Е. Алакоз кўчаси | M62: Нукус корзинка биносида | N62: 41.380817 | O62: 69.352573 | P62: 23504000700011202602 | Q62: 10107000600011202602 | R62: -
A63: 61 | B63: 00868 | C63: 10756 | D63: Қорақалпоғистон Республикаси | E63: Бустон БХМ | G63: CINEO C2070 | H63: HUMO | I63: 5310178174 | J63: 004400001075602 | K63: 027A1J2A | L63: Еллик калла тумани Ш.Рашидов кўчаси 2 уй | M63: Бустон БХМ биноси кошида 24/7 | N63: 41.385417 | O63: 69.462928 | P63: 23504000900011202603 | Q63: 10107000800011202603 | R63: +
A64: 62 | B64: 00884 | C64: 11202 | D64: Тошкент вилояти | E64: Қибрай БХМ | G64: CINEO C2070 | H64: UzCard | I64: 5310179637 | J64: 900334907 | K64: 36551 | L64: Қибрай тум.Салар шах.унверситут кўча 1/1 | M64: Салар БХМ | N64: 41.385417 | O64: 69.462928 | P64: 23504000200011202605 | Q64: 10107000100011202605 | R64: +
A65: 63 | B65: 00884 | C65: 11202 | D65: Тошкент вилояти | E65: Қибрай БХМ | G65: CINEO C2070 | H65: UzCard | I65: 5310179589 | J65: 900334927 | K65: 36550 | L65: Тошкент в.Қибрай тумани Зебунисо 7 | M65: Банк биноси | N65: 39.659155 | O65: 66.923201 | P65: 23504000200011084604 | Q65: 10107000100011084604 | R65: +
A66: 64 | B66: 00884 | C66: 11202 | D66: Тошкент вилояти | E66: Қибрай БХМ | G66: CINEO C2070 | H66: UzCard | I66: 5310179377 | J66: 900344680 | K66: 47434 | L66: Тошкент в.Қибрай тумани Зебунисо 7 | M66: Банк биноси(банк омборида) | N66: 39.659155 | O66: 66.923201 | P66: 23504000100011084802 | Q66: 10107000900011084802
A67: 65 | B67: 00994 | C67: 11084 | D67: Самарқанд вилояти | E67: Самарқанд минтақавий БХО | F67: Амир Темур БХМ | G67: CINEO C2070 | H67: UzCard | I67: 5310179496 | J67: 900334915 | K67: 36536 | L67: Самарканд шахар Буюк Ипак Йўли кўчаси 13 уй | M67: Бакнк Олдида | N67: 39.687856 | O67: 66.896269 | P67: 23504000700011084601 | Q67: 10107000600011084601
A68: 66 | B68: 00994 | C68: 11084 | D68: Самарқанд вилояти | E68: Самарқанд минтақавий БХО | F68: Амир Темур БХМ | G68: CINEO C2070 | H68: HUMO | I68: 5310179024 | J68: 00994000009940A | K68: 027A0DM9 | L68: Самарканд шахар Буюк Ипак Йўли кўчаси 13 уй | M68: Бакнк Олдида | N68: 39.462730 | O68: 67.030218 | P68: 23504000900011084611 | Q68: 10107000000011084611
A69: 67 | B69: 00994 | C69: 11084 | D69: Самарқанд вилояти | E69: Самарқанд минтақавий БХО | F69: Амир Темур БХМ | G69: CINEO C4560 | H69: UzCard | I69: 5310137821 | J69: 900331284 | K69: 32564 | L69: Самарканд шахар Mусахон келди бозори | M69: Бозор | N69: 39.690622 | O69: 66.885903 | P69: 23504000500011084815 | Q69: 10107000400011084815
A70: 68 | B70: 00994 | C70: 11084 | D70: Самарқанд вилояти | E70: Самарқанд минтақавий БХО | G70: CINEO C4560 | H70: UzCard | I70: 5310138698 | J70: 900349494 | K70: 52509 | L70: Ургут туман Бахрин МФЙ | M70: Зам-Зам чойхона | N70: 39.662319 | O70: 66.979780 | P70: 23504000100011084612 | Q70: 10107000900011084612
A71: 69 | B71: 00994 | C71: 11084 | D71: Самарқанд вилояти | E71: Самарқанд минтақавий БХО | G71: NCR 6682 | H71: HUMO | I71: 57526892 | J71: 009940000099411 | K71: 027A0T1W | L71: Фотима Қосимова массиви | M71: Гушт дукон | N71: 39.453460 | O71: 67.090046 | P71: 23504000200011084613 | Q71: 10107000100011084613
A72: 70 | B72: 00994 | C72: 11084 | D72: Самарқанд вилояти | E72: Самарқанд минтақавий БХО | G72: CINEO C2070 | H72: UzCard | I72: 5310179595 | J72: 900349495 | K72: 52510 | L72: Самарканд вилояти, Сиёб дехкон бозори | M72: Бозор | N72: 39.683902 | O72: 66.929326 | P72: 23504000400011084814 | Q72: 10107000300011084814
A73: 71 | B73: 00994 | C73: 11084 | D73: Самарқанд вилояти | E73: Самарқанд минтақавий БХО | G73: CINEO C2070 | H73: UzCard | I73: 5310179362 | J73: 900349540 | K73: 52553 | L73: Ургут туман Дехконобод МФЙ | M73: Ўғилой она савдо хизматлари | N73: 39.683902 | O73: 66.929326 | P73: 23504000900011084810 | Q73: 10107000000011084810
A74: 72 | B74: 00994 | C74: 11084 | D74: Самарқанд вилояти | E74: Самарқанд минтақавий БХО | G74: CINEO C2070 | H74: HUMO | I74: 5310179028 | J74: 00994000009940Y | K74: 027A0T1H | L74: Самарқанд шахар, Беруний кўчаси, Темир йўл автошох бекати | M74: Вокзал бекати | N74: 39.715672 | O74: 66.933129 | P74: 23504000700011084817 | Q74: 10107000600011084817
A75: 73 | B75: 00994 | C75: 11084 | D75: Самарқанд вилояти | E75: Самарқанд минтақавий БХО | G75: NCR 6682 | H75: HUMO | I75: 57526879 | J75: 009940000099410 | K75: 027A0T1V | L75: Самарқанд шахар, Беруний кўчаси, Темир йўл автошох бекати | M75: Вокзал бекати | N75: 41.030126 | O75: 69.359427 | P75: 23504000500011198801 | Q75: 10107000400011198801 | R75: +
A76: 74 | B76: 00994 | C76: 11084 | D76: Самарқанд вилояти | E76: Самарқанд минтақавий БХО | G76: CINEO C2070 | H76: HUMO | I76: 5310179054 | J76: 00994000009940V | K76: 027A0T1D | L76: Қорасув массиви | M76: фамлий супермаркет | N76: 41.006025 | O76: 70.076754 | P76: 23504000600011199601 | Q76: 10107000500011199601 | R76: +
A77: 75 | B77: 00490 | C77: 11198 | D77: Тошкент вилояти | E77: Тошкент вилоят худудий БХО | G77: CINEO C2070 | H77: HUMO | I77: 5310178675 | J77: 004900001119802 | K77: 027A0X2U | L77: Нурафшон шаҳар Тошкент йули кўчаси 40-уй | M77: 24/7 (Б/Ё) | N77: 40.811713 | O77: 69.205577 | P77: 23504000600011200801 | Q77: 10107000500011200801 | R77: +
A78: 76 | B78: 01022 | C78: 11199 | D78: Тошкент вилояти | E78: Ангрен БХМ | G78: CINEO C2070 | H78: UzCard | I78: 5310179282 | J78: 900335169 | K78: 36824 | L78: Ангрен шахар, 5/1 А даха, 3 уй | M78: Банк Биноси | N78: 40.850452 | O78: 69.599105 | P78: 23504000300011200805 | Q78: 10107000200011200805 | R78: +
A79: 77 | B79: 01034 | C79: 11200 | D79: Тошкент вилояти | E79: Олмалик БХМ | G79: CINEO C2070 | H79: HUMO | I79: 5310179062 | J79: 01034000010340B | K79: 027A0DD4 | L79: Бука тумани Банк хизматлар маркази 24/7 | M79: 24/7 (БХМ) | N79: 40.900612 | O79: 69.351976 | P79: 23504000000011200603 | Q79: 10107000900011200603 | R79: +
A80: 78 | B80: 01034 | C80: 11200 | D80: Тошкент вилояти | E80: Олмалик БХМ | G80: NCR 6682 | H80: HUMO | I80: 57526894 | J80: 01034000010340E | K80: 027A0E1B | L80: Олмалик шахар Амур Темур 28-уй | N80: 40.900612 | O80: 69.351976 | P80: 23504000100011200804 | Q80: 10107000900011200804 | R80: +
A81: 79 | B81: 01034 | C81: 11200 | D81: Тошкент вилояти | E81: Олмалик БХМ | G81: CINEO C2070 | H81: UzCard | I81: 5310179237 | J81: 900334864 | K81: 36481 | L81: Пискент т. Амур Темур кучаси 98-уй 24/7 | M81: 24/7 | N81: 40.900034 | O81: 69.351733 | P81: 23504000900011200609 | Q81: 10107000000011200609 | R81: +
A82: 80 | B82: 01034 | C82: 11200 | D82: Тошкент вилояти | E82: Олмалик БХМ | G82: CINEO C2070 | H82: HUMO | I82: 5310179080 | J82: 01034000010340D | K82: 027A0DO9 | L82: Пискент т. Амур Темур кучаси 98-уй 24/7 | M82: 24/7 | N82: 40.815229 | O82: 69.201906 | P82: 23504000700011200807 | Q82: 10107000600011200807 | R82: +
A83: 81 | B83: 01034 | C83: 11200 | D83: Тошкент вилояти | E83: Олмалик БХМ | G83: CINEO C2070 | H83: UzCard | I83: 5310179219 | J83: 900346684 | K83: 49575 | L83: Пискент т. Амур Темур кучаси 101А-уй 24/7 | N83: 37.515906 | O83: 67.420082 | P83: 23504000500011086603 | Q83: 10107000400011086603 | R83: +
A84: 82 | B84: 01034 | C84: 11200 | D84: Тошкент вилояти | E84: Олмалик БХМ | G84: NCR 6682 | H84: HUMO | I84: 57526891 | J84: 010340000103417 | K84: 027A0N9L | L84: Тошкет вилояти, Бўка тумани, Ўзбекистон кўчаси | M84: Метан газ заправка | N84: 37.236705 | O84: 67.290218 | P84: 23504000700011086604 | Q84: 10107000600011086604 | R84: +
A85: 83 | B85: 01045 | C85: 11086 | D85: Сурхондарё вилояти | E85: Сурхандарё худудий БХО | G85: CINEO C2070 | H85: UzCard | I85: 5310179602 | J85: 900335113 | K85: 36760 | L85: Жаркурган ш Бозор кучаси | M85: Банк Марказлар хизмати биноси | N85: 37.515906 | O85: 67.420082 | P85: 23504000200011086802 | Q85: 10107000100011086802 | R85: +
A86: 84 | B86: 01045 | C86: 11086 | D86: Сурхондарё вилояти | E86: Сурхандарё худудий БХО | G86: CINEO C2070 | H86: UzCard | I86: 5310179750 | J86: 900335115 | K86: 36762 | L86: Термиз шахар А.Навоий кучаси 45 а | M86: Банк биноси (Билайн ком ёнида) | N86: 40.212152 | O86: 69.255207 | P86: 23504000200011203800 | Q86: 10107000100011203800 | R86: +
A87: 85 | B87: 01045 | C87: 11086 | D87: Сурхондарё вилояти | E87: Сурхандарё худудий БХО | G87: NCR 6682 | H87: HUMO | I87: 57526890 | J87: 010450000104506 | K87: 027A09CC | L87: Жаркурган ш Бозор кучаси | M87: Банк Марказлар хизмати биноси | N87: 40.213149 | O87: 69.265675 | P87: 23504000100011203602 | Q87: 10107000900011203602 | R87: +
A88: 86 | B88: 01100 | C88: 11203 | D88: Тошкент вилояти | E88: Бекобод БХМ | G88: NCR 6682 | H88: HUMO | I88: 57526874 | J88: 011000000110008 | K88: 027A0982 | L88: Бекобод шахар Меъмор кўчаси 264 уй | M88: Банк биноси | N88: 40.212535 | O88: 69.265761 | P88: 23504000800011203803 | Q88: 10107000700011203803 | R88: +
A89: 87 | B89: 01100 | C89: 11203 | D89: Тошкент вилояти | E89: Бекобод БХМ | G89: CINEO C2070 | H89: UzCard | I89: 5310179556 | J89: 900334822 | K89: 36441 | L89: Бекобод шахар дехқон бозор худуди | M89: Корзинка Супермаркети | N89: 40.104623 | O89: 67.836842 | P89: 23504000600011204602 | Q89: 10107000500011204602 | R89: +
A90: 88 | B90: 01100 | C90: 11203 | D90: Тошкент вилояти | E90: Бекобод БХМ | G90: CINEO C2070 | H90: HUMO | I90: 5310178991 | J90: 01100000011000C | K90: 027A0DHZ | L90: Бекобод шахар дехқон бозор худуди | M90: Корзинка Супермаркети | N90: 40.104623 | O90: 67.836842 | P90: 23504000900011204802 | Q90: 10107000800011204802 | R90: +
A91: 89 | B91: 01152 | C91: 11204 | D91: Жиззах вилояти | E91: Жиззах худудий БХО | G91: CINEO C2070 | H91: UzCard | I91: 5310179616 | J91: 900335324 | K91: 36981 | L91: Жиззах шахар Заргарлик куча, Маданият МФЙ, 98Б-уй | M91: Hamkorbank каршисида | N91: 40.130283 | O91: 67.825225 | P91: 23504000900011204803 | Q91: 10107000000011204803 | R91: +
A92: 90 | B92: 01152 | C92: 11204 | D92: Жиззах вилояти | E92: Жиззах худудий БХО | G92: CINEO C2070 | H92: HUMO | I92: 5310178047 | J92: 011520000115208 | K92: 027A0E21 | L92: Жиззах шахар Заргарлик куча, Маданият МФЙ, 98Б-уй | M92: Hamkorbank каршисида | N92: 41.218655 | O92: 69.223275 | P92: 23504000100011188603 | Q92: 10107000900011188603 | R92: +
A93: 91 | B93: 01152 | C93: 11204 | D93: Жиззах вилояти | E93: Жиззах худудий БХО | G93: NCR 6682 | H93: HUMO | I93: 57526885 | J93: 01152000011520A | K93: 027A0FO7 | L93: Жиззах шахар Ш.Рашидов кучаси 7 уй | M93: Банк биноси олдида("НУРБЕК" ресторани) | N93: 41.214779 | O93: 69.232648 | P93: 23504000300011188604 | Q93: 10107000200011188604 | R93: +
A94: 92 | B94: 00403 | C94: 11188 | D94: Тошкент шаҳри | E94: Сергели БХМ | G94: CINEO C2070 | H94: UzCard | I94: 5310179393 | J94: 900334962 | K94: 36590 | L94: Сергели тумани Шокирариқ кўчаси 3 уй | M94: банк биноси | N94: 41.285702 | O94: 69.248796 | P94: 23504000500011195803 | Q94: 10107000400011195803 | R94: +
A95: 93 | B95: 00403 | C95: 11188 | D95: Тошкент шаҳри | E95: Сергели БХМ | G95: CINEO C2070 | H95: UzCard | I95: 5310179418 | J95: 900335375 | K95: 37028 | L95: Сергели т Обихаёт кўчаси Сергели-3 22 уй олдида | M95: Файз мебель олдида жойлашган | N95: 41.293051 | O95: 69.286529 | P95: 23504000900011195817 | Q95: 10107000800011195817 | R95: +
A96: 94 | B96: 00435 | C96: 11195 | D96: Тошкент шаҳри | E96: Ракат БХМ | G96: CINEO C2070 | H96: HUMO | I96: 5310179017 | J96: 00435000004350B | K96: 027A0FTO | L96: Яккасарой тумани Шохижахон кўчаси 2а уй | M96: Текстил академик лицей каршиси | N96: 41.293051 | O96: 69.286529 | P96: 23504000000011195617 | Q96: 10107000900011195617 | R96: +
A97: 95 | B97: 00435 | C97: 11195 | D97: Тошкент шаҳри | E97: Ракат БХМ | F97: Миробод БХМ | G97: CINEO C2070 | H97: HUMO | I97: 5310178276 | J97: 00435000111950F | K97: 027A1H4H | L97: Тошкент шахар Миробод тумани, Туркистон кўчаси, 10-уй | M97: Миробод бхм банк биноси | N97: 41.279499 | O97: 69.206132 | P97: 23504000600011195613 | Q97: 10107000500011195613 | R97: +
A98: 96 | B98: 00435 | C98: 11195 | D98: Тошкент шаҳри | E98: Ракат БХМ | F98: Миробод БХМ | G98: CINEO C2070 | H98: UzCard | I98: 5310179550 | J98: 900366507 | K98: 70402 | L98: Тошкент шахар Миробод тумани, Туркистон кўчаси, 10-уй | M98: Миробод бхм банк биноси | N98: 41.284280 | O98: 69.246183 | P98: 23504000900011195616 | Q98: 10107000800011195616 | R98: +
A99: 97 | B99: 00435 | C99: 11195 | D99: Тошкент шаҳри | E99: Ракат БХМ | F99: Чилонзор БХМ | G99: CINEO C2070 | H99: UzCard | I99: 5310179325 | J99: 900366484 | K99: 70378 | L99: Чилонзор тумани Ц мавзе мехр кўчаси | M99: Банк биноси 24/7 | N99: 41.288291 | O99: 69.208043 | P99: 23504000200011195807 | Q99: 10107000100011195807 | R99: -
A100: 98 | B100: 00435 | C100: 11195 | D100: Тошкент шаҳри | E100: Ракат БХМ | F100: Чилонзор БХМ | G100: CINEO C2070 | H100: UzCard | I100: 5310179226 | J100: 900366482 | K100: 70375 | L100: Яккасарой тумани Шохжахон 4 уй | M100: Текистил иниститут 24/7 | N100: 41.286707 | O100: 69.149761 | P100: 23504000800011194603 | Q100: 10107000700011194603 | R100: +
A101: 99 | B101: 00435 | C101: 11195 | D101: Тошкент шаҳри | E101: Ракат БХМ | F101: Чилонзор БХМ(Катортол БХМ) | G101: CINEO C2070 | H101: WAY4 | I101: 5310178997 | J101: 904350000043531 | K101: AC043512 | L101: Чилонзор р Чиланзар 6-квартал 30-дом | M101: Эски Банк биноси олди тарафида | N101: 41.266413 | O101: 69.157398 | P101: 23504000000011194604 | Q101: 10107000900011194604 | R101: +
...
